,Mass,Raideur,Friction,Amplitude,Time_Stop
0,450,10000,500,10.21203654445571,0.7177185621427583
1,450,11000,500,10.196292857681907,0.67994390097735
2,450,12000,500,10.180557443938419,0.6421692398119416
3,450,13000,500,10.16483030060835,0.6169861323683361
4,450,14000,500,10.149947030212239,0.5918030249247306
5,450,15000,500,10.142931250165283,0.5792114712029277
6,450,16000,500,10.13591711160155,0.5540283637593222
7,450,17000,500,10.128904614290086,0.5414368100375194
8,450,18000,500,10.121893757999976,0.5288452563157167
9,450,19000,500,10.114884542500311,0.5036621488721111
10,450,20000,500,10.10787696756022,0.4910705951503083
11,450,21000,500,10.100871032948838,0.47847904142850556
12,450,22000,500,10.093866738435343,0.46588748770670274
13,450,23000,500,10.086864083788923,0.46588748770670274
14,450,24000,500,10.082809510465399,0.4532959339849
15,450,25000,500,10.081051244554313,0.4407043802630972
16,450,26000,500,10.07929308167969,0.42811282654129446
17,450,27000,500,10.077535021837896,0.42811282654129446
18,450,28000,500,10.07577706502531,0.41552127281949164
19,450,29000,500,10.074019211238307,0.4029297190976889
20,450,30000,500,10.072261460473253,0.4029297190976889
21,450,31000,500,10.070503812726525,0.3903381653758861
22,450,32000,500,10.068746267994497,0.3903381653758861
23,450,33000,500,10.06698882627354,0.3777466116540833
24,450,34000,500,10.065231487560032,0.3777466116540833
25,450,35000,500,10.063474251850344,0.36515505793228054
26,450,36000,500,10.061717119140852,0.36515505793228054
27,450,37000,500,10.059960089427923,0.36515505793228054
28,450,38000,500,10.058203162707937,0.3525635042104778
29,450,39000,500,10.056446338977265,0.3525635042104778
30,450,40000,500,10.054689618232288,0.339971950488675
31,450,41000,500,10.052933000469372,0.339971950488675
32,450,42000,500,10.051176485684891,0.339971950488675
33,450,43000,500,10.049420073875227,0.3273803967668722
34,450,44000,500,10.047663765036749,0.3273803967668722
35,450,45000,500,10.045907559165832,0.3273803967668722
36,450,46000,500,10.04415145625885,0.31478884304506943
37,450,47000,500,10.04239545631218,0.31478884304506943
38,450,48000,500,10.0406395593222,0.31478884304506943
39,450,49000,500,10.038883765285277,0.31478884304506943
40,450,50000,500,10.03712807419779,0.30219728932326667
41,450,51000,500,10.035372486056115,0.30219728932326667
42,450,52000,500,10.033617000856626,0.30219728932326667
43,450,53000,500,10.031861618595698,0.30219728932326667
44,450,54000,500,10.030106339269711,0.28960573560146385
45,450,55000,500,10.028351162875031,0.28960573560146385
46,450,56000,500,10.026596089408041,0.28960573560146385
47,450,57000,500,10.024841118865115,0.28960573560146385
48,450,58000,500,10.023086251242628,0.28960573560146385
49,450,59000,500,10.021331486536956,0.2770141818796611
50,450,60000,500,10.019576824744476,0.2770141818796611
51,450,61000,500,10.017822265861563,0.2770141818796611
52,450,62000,500,10.016067809884595,0.2770141818796611
53,450,63000,500,10.014313456809944,0.2770141818796611
54,450,64000,500,10.012559206633991,0.26442262815785833
55,450,65000,500,10.01080505935311,0.26442262815785833
56,450,66000,500,10.009051014963676,0.26442262815785833
57,450,67000,500,10.00729707346207,0.26442262815785833
58,450,68000,500,10.005543234844664,0.26442262815785833
59,450,69000,500,10.003789499107839,0.26442262815785833
60,450,70000,500,10.002035866247967,0.26442262815785833
61,450,71000,500,10.000282336261428,0.25183107443605557
62,450,72000,500,10.0,0.25183107443605557
63,450,73000,500,10.0,0.25183107443605557
64,450,74000,500,10.0,0.25183107443605557
65,450,75000,500,10.0,0.25183107443605557
66,450,76000,500,10.0,0.25183107443605557
67,450,77000,500,10.0,0.25183107443605557
68,450,78000,500,10.0,0.23923952071425278
69,450,79000,500,10.0,0.23923952071425278
70,450,10000,700,10.209848825980236,0.7177185621427583
71,450,11000,700,10.194192710871633,0.67994390097735
72,450,12000,700,10.17854481361014,0.6547607935337444
73,450,13000,700,10.162905131597574,0.6295776860901389
74,450,14000,700,10.148934631221668,0.6043945786465333
75,450,15000,700,10.141944921946603,0.5792114712029277
76,450,16000,700,10.134956846838772,0.5540283637593222
77,450,17000,700,10.127970405668327,0.5414368100375194
78,450,18000,700,10.120985598205445,0.5288452563157167
79,450,19000,700,10.114002424220335,0.5162537025939139
80,450,20000,700,10.107020883483214,0.4910705951503083
81,450,21000,700,10.100040975764331,0.47847904142850556
82,450,22000,700,10.093062700833958,0.46588748770670274
83,450,23000,700,10.086086058462389,0.46588748770670274
84,450,24000,700,10.082539736701618,0.4532959339849
85,450,25000,700,10.080784744368227,0.4407043802630972
86,450,26000,700,10.079029854841162,0.42811282654129446
87,450,27000,700,10.077275068116808,0.42811282654129446
88,450,28000,700,10.075520384191545,0.41552127281949164
89,450,29000,700,10.073765803061756,0.4029297190976889
90,450,30000,700,10.072011324723816,0.4029297190976889
91,450,31000,700,10.070256949174118,0.3903381653758861
92,450,32000,700,10.068502676409036,0.3903381653758861
93,450,33000,700,10.066748506424958,0.3777466116540833
94,450,34000,700,10.06499443921826,0.3777466116540833
95,450,35000,700,10.06324047478533,0.36515505793228054
96,450,36000,700,10.061486613122545,0.36515505793228054
97,450,37000,700,10.05973285422629,0.36515505793228054
98,450,38000,700,10.057979198092953,0.3525635042104778
99,450,39000,700,10.056225644718907,0.3525635042104778
100,450,40000,700,10.054472194100542,0.339971950488675
101,450,41000,700,10.052718846234237,0.339971950488675
102,450,42000,700,10.050965601116378,0.339971950488675
103,450,43000,700,10.049212458743343,0.3273803967668722
104,450,44000,700,10.047459419111522,0.3273803967668722
105,450,45000,700,10.045706482217295,0.3273803967668722
106,450,46000,700,10.043953648057043,0.3273803967668722
107,450,47000,700,10.042200916627154,0.31478884304506943
108,450,48000,700,10.04044828792401,0.31478884304506943
109,450,49000,700,10.03869576194399,0.31478884304506943
110,450,50000,700,10.036943338683482,0.30219728932326667
111,450,51000,700,10.035191018138871,0.30219728932326667
112,450,52000,700,10.033438800306538,0.30219728932326667
113,450,53000,700,10.031686685182871,0.30219728932326667
114,450,54000,700,10.029934672764249,0.28960573560146385
115,450,55000,700,10.028182763047058,0.28960573560146385
116,450,56000,700,10.026430956027681,0.28960573560146385
117,450,57000,700,10.024679251702507,0.28960573560146385
118,450,58000,700,10.022927650067917,0.28960573560146385
119,450,59000,700,10.021176151120295,0.2770141818796611
120,450,60000,700,10.019424754856026,0.2770141818796611
121,450,61000,700,10.017673461271498,0.2770141818796611
122,450,62000,700,10.015922270363092,0.2770141818796611
123,450,63000,700,10.014171182127193,0.2770141818796611
124,450,64000,700,10.012420196560186,0.2770141818796611
125,450,65000,700,10.010669313658457,0.26442262815785833
126,450,66000,700,10.008918533418393,0.26442262815785833
127,450,67000,700,10.007167855836377,0.26442262815785833
128,450,68000,700,10.005417280908796,0.26442262815785833
129,450,69000,700,10.003666808632032,0.26442262815785833
130,450,70000,700,10.001916439002473,0.26442262815785833
131,450,71000,700,10.000166172016506,0.25183107443605557
132,450,72000,700,10.0,0.25183107443605557
133,450,73000,700,10.0,0.25183107443605557
134,450,74000,700,10.0,0.25183107443605557
135,450,75000,700,10.0,0.25183107443605557
136,450,76000,700,10.0,0.25183107443605557
137,450,77000,700,10.0,0.25183107443605557
138,450,78000,700,10.0,0.23923952071425278
139,450,79000,700,10.0,0.23923952071425278
140,450,10000,900,10.207687740939473,0.7303101158645611
141,450,11000,900,10.192118467040405,0.6925354546991528
142,450,12000,900,10.176557356265223,0.6547607935337444
143,450,13000,900,10.161004406034294,0.6295776860901389
144,450,14000,900,10.147930405655531,0.6043945786465333
145,450,15000,900,10.140966621868545,0.5792114712029277
146,450,16000,900,10.134004464973549,0.566619917481125
147,450,17000,900,10.127043934741797,0.5414368100375194
148,450,18000,900,10.120085030944564,0.5288452563157167
149,450,19000,900,10.113127753353151,0.5162537025939139
150,450,20000,900,10.106172101738872,0.5036621488721111
151,450,21000,900,10.099218075873083,0.4910705951503083
152,450,22000,900,10.092265675527138,0.47847904142850556
153,450,23000,900,10.085314900472435,0.46588748770670274
154,450,24000,900,10.082271038686038,0.4532959339849
155,450,25000,900,10.080519310789727,0.4407043802630972
156,450,26000,900,10.078767685470256,0.42811282654129446
157,450,27000,900,10.077016162724009,0.42811282654129446
158,450,28000,900,10.075264742547379,0.41552127281949164
159,450,29000,900,10.073513424936761,0.41552127281949164
160,450,30000,900,10.071762209888538,0.4029297190976889
161,450,31000,900,10.070011097399108,0.3903381653758861
162,450,32000,900,10.068260087464859,0.3903381653758861
163,450,33000,900,10.066509180082178,0.3777466116540833
164,450,34000,900,10.064758375247463,0.3777466116540833
165,450,35000,900,10.063007672957097,0.36515505793228054
166,450,36000,900,10.061257073207477,0.36515505793228054
167,450,37000,900,10.059506575994991,0.36515505793228054
168,450,38000,900,10.057756181316034,0.3525635042104778
169,450,39000,900,10.056005889166995,0.3525635042104778
170,450,40000,900,10.054255699544262,0.339971950488675
171,450,41000,900,10.052505612444232,0.339971950488675
172,450,42000,900,10.050755627863294,0.339971950488675
173,450,43000,900,10.049005745797842,0.3273803967668722
174,450,44000,900,10.047255966244267,0.3273803967668722
175,450,45000,900,10.045506289198956,0.3273803967668722
176,450,46000,900,10.043756714658308,0.3273803967668722
177,450,47000,900,10.04200724261871,0.31478884304506943
178,450,48000,900,10.040257873076557,0.31478884304506943
179,450,49000,900,10.038508606028241,0.31478884304506943
180,450,50000,900,10.036759441470156,0.30219728932326667
181,450,51000,900,10.035010379398688,0.30219728932326667
182,450,52000,900,10.033261419810236,0.30219728932326667
183,450,53000,900,10.031512562701192,0.30219728932326667
184,450,54000,900,10.029763808067946,0.30219728932326667
185,450,55000,900,10.028015155906893,0.28960573560146385
186,450,56000,900,10.026266606214422,0.28960573560146385
187,450,57000,900,10.02451815898693,0.28960573560146385
188,450,58000,900,10.02276981422081,0.28960573560146385
189,450,59000,900,10.021021571912454,0.2770141818796611
190,450,60000,900,10.019273432058258,0.2770141818796611
191,450,61000,900,10.017525394654607,0.2770141818796611
192,450,62000,900,10.015777459697906,0.2770141818796611
193,450,63000,900,10.014029627184541,0.2770141818796611
194,450,64000,900,10.012281897110903,0.2770141818796611
195,450,65000,900,10.010534269473396,0.26442262815785833
196,450,66000,900,10.008786744268406,0.26442262815785833
197,450,67000,900,10.007039321492327,0.26442262815785833
198,450,68000,900,10.005292001141559,0.26442262815785833
199,450,69000,900,10.003544783212488,0.26442262815785833
200,450,70000,900,10.001797667701513,0.26442262815785833
201,450,71000,900,10.00005065460503,0.25183107443605557
202,450,72000,900,10.0,0.25183107443605557
203,450,73000,900,10.0,0.25183107443605557
204,450,74000,900,10.0,0.25183107443605557
205,450,75000,900,10.0,0.25183107443605557
206,450,76000,900,10.0,0.25183107443605557
207,450,77000,900,10.0,0.25183107443605557
208,450,78000,900,10.0,0.23923952071425278
209,450,79000,900,10.0,0.23923952071425278
210,450,10000,1100,10.20555293911797,0.7303101158645611
211,450,11000,1100,10.190069783281563,0.6925354546991528
212,450,12000,1100,10.174594736301412,0.6673523472555472
213,450,13000,1100,10.159127795616284,0.6295776860901389
214,450,14000,1100,10.146934281968177,0.6043945786465333
215,450,15000,1100,10.139996279356735,0.5792114712029277
216,450,16000,1100,10.133059896402534,0.566619917481125
217,450,17000,1100,10.12612513287792,0.5414368100375194
218,450,18000,1100,10.119191988555258,0.5288452563157167
219,450,19000,1100,10.112260463206935,0.5162537025939139
220,450,20000,1100,10.105330556605368,0.5036621488721111
221,450,21000,1100,10.098402268522985,0.4910705951503083
222,450,22000,1100,10.091475598732247,0.47847904142850556
223,450,23000,1100,10.084550547005634,0.46588748770670274
224,450,24000,1100,10.082003411735009,0.4532959339849
225,450,25000,1100,10.080254939165787,0.4407043802630972
226,450,26000,1100,10.078506568944553,0.4407043802630972
227,450,27000,1100,10.076758301067706,0.42811282654129446
228,450,28000,1100,10.075010135531643,0.41552127281949164
229,450,29000,1100,10.073262072332767,0.41552127281949164
230,450,30000,1100,10.071514111467474,0.4029297190976889
231,450,31000,1100,10.069766252932162,0.4029297190976889
232,450,32000,1100,10.068018496723234,0.3903381653758861
233,450,33000,1100,10.066270842837087,0.3777466116540833
234,450,34000,1100,10.064523291270119,0.3777466116540833
235,450,35000,1100,10.062775842018734,0.3777466116540833
236,450,36000,1100,10.061028495079329,0.36515505793228054
237,450,37000,1100,10.059281250448306,0.36515505793228054
238,450,38000,1100,10.057534108122063,0.3525635042104778
239,450,39000,1100,10.055787068096997,0.3525635042104778
240,450,40000,1100,10.054040130369517,0.3525635042104778
241,450,41000,1100,10.052293294936012,0.339971950488675
242,450,42000,1100,10.05054656179289,0.339971950488675
243,450,43000,1100,10.048799930936548,0.339971950488675
244,450,44000,1100,10.047053402363389,0.3273803967668722
245,450,45000,1100,10.045306976069812,0.3273803967668722
246,450,46000,1100,10.043560652052216,0.3273803967668722
247,450,47000,1100,10.041814430307006,0.31478884304506943
248,450,48000,1100,10.040068310830579,0.31478884304506943
249,450,49000,1100,10.038322293619336,0.31478884304506943
250,450,50000,1100,10.03657637866968,0.31478884304506943
251,450,51000,1100,10.034830565978014,0.30219728932326667
252,450,52000,1100,10.033084855540732,0.30219728932326667
253,450,53000,1100,10.031339247354243,0.30219728932326667
254,450,54000,1100,10.02959374141494,0.30219728932326667
255,450,55000,1100,10.027848337719233,0.28960573560146385
256,450,56000,1100,10.02610303626352,0.28960573560146385
257,450,57000,1100,10.024357837044203,0.28960573560146385
258,450,58000,1100,10.022612740057681,0.28960573560146385
259,450,59000,1100,10.02086774530036,0.28960573560146385
260,450,60000,1100,10.019122852768637,0.2770141818796611
261,450,61000,1100,10.01737806245892,0.2770141818796611
262,450,62000,1100,10.015633374367606,0.2770141818796611
263,450,63000,1100,10.0138887884911,0.2770141818796611
264,450,64000,1100,10.012144304825805,0.2770141818796611
265,450,65000,1100,10.01039992336812,0.26442262815785833
266,450,66000,1100,10.00865564411445,0.26442262815785833
267,450,67000,1100,10.006911467061196,0.26442262815785833
268,450,68000,1100,10.00516739220476,0.26442262815785833
269,450,69000,1100,10.00342341954155,0.26442262815785833
270,450,70000,1100,10.001679549067958,0.26442262815785833
271,450,71000,1100,10.0,0.25183107443605557
272,450,72000,1100,10.0,0.25183107443605557
273,450,73000,1100,10.0,0.25183107443605557
274,450,74000,1100,10.0,0.25183107443605557
275,450,75000,1100,10.0,0.25183107443605557
276,450,76000,1100,10.0,0.25183107443605557
277,450,77000,1100,10.0,0.25183107443605557
278,450,78000,1100,10.0,0.23923952071425278
279,450,79000,1100,10.0,0.23923952071425278
280,450,10000,1300,10.20344407512184,0.7429016695863638
281,450,11000,1300,10.188046321428777,0.7051270084209555
282,450,12000,1300,10.172656622775595,0.6673523472555472
283,450,13000,1300,10.157274976619313,0.6421692398119416
284,450,14000,1300,10.145946189270711,0.6169861323683361
285,450,15000,1300,10.139033824486354,0.5918030249247306
286,450,16000,1300,10.132123072164722,0.566619917481125
287,450,17000,1300,10.125213932079246,0.5540283637593222
288,450,18000,1300,10.118306404003375,0.5288452563157167
289,450,19000,1300,10.111400487710585,0.5162537025939139
290,450,20000,1300,10.104496182974367,0.5036621488721111
291,450,21000,1300,10.097593489568244,0.4910705951503083
292,450,22000,1300,10.090692407265758,0.47847904142850556
293,450,23000,1300,10.08379293584047,0.46588748770670274
294,450,24000,1300,10.08173685118632,0.4532959339849
295,450,25000,1300,10.079991624864707,0.4532959339849
296,450,26000,1300,10.07824650066287,0.4407043802630972
297,450,27000,1300,10.076501478577217,0.42811282654129446
298,450,28000,1300,10.074756558604152,0.41552127281949164
299,450,29000,1300,10.07301174074009,0.41552127281949164
300,450,30000,1300,10.071267024981433,0.4029297190976889
301,450,31000,1300,10.069522411324588,0.4029297190976889
302,450,32000,1300,10.06777789976597,0.3903381653758861
303,450,33000,1300,10.066033490301978,0.3903381653758861
304,450,34000,1300,10.064289182929025,0.3777466116540833
305,450,35000,1300,10.062544977643519,0.3777466116540833
306,450,36000,1300,10.06080087444187,0.36515505793228054
307,450,37000,1300,10.05905687332048,0.36515505793228054
308,450,38000,1300,10.057312974275769,0.3525635042104778
309,450,39000,1300,10.055569177304134,0.3525635042104778
310,450,40000,1300,10.053825482401987,0.3525635042104778
311,450,41000,1300,10.05208188956574,0.339971950488675
312,450,42000,1300,10.0503383987918,0.339971950488675
313,450,43000,1300,10.048595010076575,0.339971950488675
314,450,44000,1300,10.046851723416474,0.3273803967668722
315,450,45000,1300,10.045108538807911,0.3273803967668722
316,450,46000,1300,10.043365456247287,0.3273803967668722
317,450,47000,1300,10.041622475731018,0.31478884304506943
318,450,48000,1300,10.039879597255512,0.31478884304506943
319,450,49000,1300,10.038136820817174,0.31478884304506943
320,450,50000,1300,10.036394146412421,0.31478884304506943
321,450,51000,1300,10.034651574037655,0.30219728932326667
322,450,52000,1300,10.03290910368929,0.30219728932326667
323,450,53000,1300,10.031166735363737,0.30219728932326667
324,450,54000,1300,10.029424469057405,0.30219728932326667
325,450,55000,1300,10.027682304766701,0.28960573560146385
326,450,56000,1300,10.025940242488037,0.28960573560146385
327,450,57000,1300,10.024198282217828,0.28960573560146385
328,450,58000,1300,10.022456423952477,0.28960573560146385
329,450,59000,1300,10.020714667688397,0.28960573560146385
330,450,60000,1300,10.018973013421999,0.2770141818796611
331,450,61000,1300,10.017231461149695,0.2770141818796611
332,450,62000,1300,10.015490010867893,0.2770141818796611
333,450,63000,1300,10.013748662573006,0.2770141818796611
334,450,64000,1300,10.01200741626144,0.2770141818796611
335,450,65000,1300,10.010266271929613,0.26442262815785833
336,450,66000,1300,10.008525229573934,0.26442262815785833
337,450,67000,1300,10.00678428919081,0.26442262815785833
338,450,68000,1300,10.005043450776656,0.26442262815785833
339,450,69000,1300,10.003302714327884,0.26442262815785833
340,450,70000,1300,10.001562079840902,0.26442262815785833
341,450,71000,1300,10.0,0.25183107443605557
342,450,72000,1300,10.0,0.25183107443605557
343,450,73000,1300,10.0,0.25183107443605557
344,450,74000,1300,10.0,0.25183107443605557
345,450,75000,1300,10.0,0.25183107443605557
346,450,76000,1300,10.0,0.25183107443605557
347,450,77000,1300,10.0,0.25183107443605557
348,450,78000,1300,10.0,0.25183107443605557
349,450,79000,1300,10.0,0.23923952071425278
350,450,10000,1500,10.201360808310296,0.7554932233081666
351,450,11000,1500,10.18604774798855,0.7177185621427583
352,450,12000,1500,10.170742689337281,0.67994390097735
353,450,13000,1500,10.155445629831602,0.6421692398119416
354,450,14000,1500,10.14496605732479,0.6169861323683361
355,450,15000,1500,10.138079187975974,0.5918030249247306
356,450,16000,1500,10.131193923935342,0.5792114712029277
357,450,17000,1500,10.124310264977408,0.5540283637593222
358,450,18000,1500,10.1174282108767,0.5414368100375194
359,450,19000,1500,10.110547761407767,0.5288452563157167
360,450,20000,1500,10.103668916345185,0.5036621488721111
361,450,21000,1500,10.096791675463551,0.4910705951503083
362,450,22000,1500,10.089916038537487,0.47847904142850556
363,450,23000,1500,10.083213443417995,0.46588748770670274
364,450,24000,1500,10.081471352399117,0.46588748770670274
365,450,25000,1500,10.079729363276025,0.4532959339849
366,450,26000,1500,10.077987476045134,0.4407043802630972
367,450,27000,1500,10.076245690702862,0.42811282654129446
368,450,28000,1500,10.074504007245618,0.42811282654129446
369,450,29000,1500,10.072762425669827,0.41552127281949164
370,450,30000,1500,10.0710209459719,0.4029297190976889
371,450,31000,1500,10.069279568148255,0.4029297190976889
372,450,32000,1500,10.06753829219531,0.3903381653758861
373,450,33000,1500,10.06579711810948,0.3903381653758861
374,450,34000,1500,10.06405604588718,0.3777466116540833
375,450,35000,1500,10.062315075524829,0.3777466116540833
376,450,36000,1500,10.060574207018846,0.36515505793228054
377,450,37000,1500,10.058833440365643,0.36515505793228054
378,450,38000,1500,10.057092775561642,0.36515505793228054
379,450,39000,1500,10.055352212603255,0.3525635042104778
380,450,40000,1500,10.053611751486905,0.3525635042104778
381,450,41000,1500,10.051871392209005,0.339971950488675
382,450,42000,1500,10.050131134765973,0.339971950488675
383,450,43000,1500,10.048390979154227,0.339971950488675
384,450,44000,1500,10.046650925370187,0.3273803967668722
385,450,45000,1500,10.044910973410268,0.3273803967668722
386,450,46000,1500,10.043171123270891,0.3273803967668722
387,450,47000,1500,10.041431374948468,0.31478884304506943
388,450,48000,1500,10.039691728439422,0.31478884304506943
389,450,49000,1500,10.037952183740169,0.31478884304506943
390,450,50000,1500,10.036212740847128,0.31478884304506943
391,450,51000,1500,10.034473399756719,0.30219728932326667
392,450,52000,1500,10.032734160465356,0.30219728932326667
393,450,53000,1500,10.03099502296946,0.30219728932326667
394,450,54000,1500,10.02925598726545,0.30219728932326667
395,450,55000,1500,10.027517053349742,0.28960573560146385
396,450,56000,1500,10.02577822121876,0.28960573560146385
397,450,57000,1500,10.024039490868919,0.28960573560146385
398,450,58000,1500,10.022300862296635,0.28960573560146385
399,450,59000,1500,10.020562335498333,0.28960573560146385
400,450,60000,1500,10.018823910470429,0.2770141818796611
401,450,61000,1500,10.017085587209342,0.2770141818796611
402,450,62000,1500,10.01534736571149,0.2770141818796611
403,450,63000,1500,10.013609245973297,0.2770141818796611
404,450,64000,1500,10.011871227991179,0.2770141818796611
405,450,65000,1500,10.010133311761557,0.2770141818796611
406,450,66000,1500,10.008395497280848,0.26442262815785833
407,450,67000,1500,10.006657784545471,0.26442262815785833
408,450,68000,1500,10.004920173551852,0.26442262815785833
409,450,69000,1500,10.003182664296407,0.26442262815785833
410,450,70000,1500,10.001445256775554,0.26442262815785833
411,450,71000,1500,10.0,0.26442262815785833
412,450,72000,1500,10.0,0.25183107443605557
413,450,73000,1500,10.0,0.25183107443605557
414,450,74000,1500,10.0,0.25183107443605557
415,450,75000,1500,10.0,0.25183107443605557
416,450,76000,1500,10.0,0.25183107443605557
417,450,77000,1500,10.0,0.25183107443605557
418,450,78000,1500,10.0,0.25183107443605557
419,450,79000,1500,10.0,0.23923952071425278
420,450,10000,1700,10.199302802728194,0.7680847770299695
421,450,11000,1700,10.18407373407372,0.7303101158645611
422,450,12000,1700,10.168852614163047,0.6925354546991528
423,450,13000,1700,10.15363944048923,0.6547607935337444
424,450,14000,1700,10.143993816536447,0.6295776860901389
425,450,15000,1700,10.13713230118144,0.6043945786465333
426,450,16000,1700,10.130272384019806,0.5792114712029277
427,450,17000,1700,10.123414064827127,0.566619917481125
428,450,18000,1700,10.116557343379,0.5414368100375194
429,450,19000,1700,10.109702219451055,0.5288452563157167
430,450,20000,1700,10.102848692818938,0.5162537025939139
431,450,21000,1700,10.095996763258318,0.5036621488721111
432,450,22000,1700,10.089146430544883,0.4910705951503083
433,450,23000,1700,10.082945773366001,0.47847904142850556
434,450,24000,1700,10.081206910753792,0.46588748770670274
435,450,25000,1700,10.079468149810417,0.4532959339849
436,450,26000,1700,10.077729490532304,0.4407043802630972
437,450,27000,1700,10.075990932915872,0.42811282654129446
438,450,28000,1700,10.07425247695755,0.42811282654129446
439,450,29000,1700,10.072514122653763,0.41552127281949164
440,450,30000,1700,10.070775870000935,0.41552127281949164
441,450,31000,1700,10.06903771899549,0.4029297190976889
442,450,32000,1700,10.067299669633854,0.3903381653758861
443,450,33000,1700,10.06556172191245,0.3903381653758861
444,450,34000,1700,10.06382387582771,0.3777466116540833
445,450,35000,1700,10.062086131376052,0.3777466116540833
446,450,36000,1700,10.060348488553904,0.3777466116540833
447,450,37000,1700,10.05861094735769,0.36515505793228054
448,450,38000,1700,10.056873507783841,0.36515505793228054
449,450,39000,1700,10.055136169828778,0.3525635042104778
450,450,40000,1700,10.053398933488928,0.3525635042104778
451,450,41000,1700,10.051661798760716,0.3525635042104778
452,450,42000,1700,10.049924765640569,0.339971950488675
453,450,43000,1700,10.048187834124914,0.339971950488675
454,450,44000,1700,10.046451004210175,0.339971950488675
455,450,45000,1700,10.04471427589278,0.3273803967668722
456,450,46000,1700,10.042977649169154,0.3273803967668722
457,450,47000,1700,10.041241124035725,0.3273803967668722
458,450,48000,1700,10.03950470048892,0.31478884304506943
459,450,49000,1700,10.037768378525161,0.31478884304506943
460,450,50000,1700,10.03603215814088,0.31478884304506943
461,450,51000,1700,10.034296039332501,0.31478884304506943
462,450,52000,1700,10.032560022096455,0.30219728932326667
463,450,53000,1700,10.030824106429163,0.30219728932326667
464,450,54000,1700,10.029088292327055,0.30219728932326667
465,450,55000,1700,10.027352579786559,0.30219728932326667
466,450,56000,1700,10.0256169688041,0.28960573560146385
467,450,57000,1700,10.023881459376108,0.28960573560146385
468,450,58000,1700,10.022146051499007,0.28960573560146385
469,450,59000,1700,10.020410745169231,0.28960573560146385
470,450,60000,1700,10.0186755403832,0.2770141818796611
471,450,61000,1700,10.016940437137345,0.2770141818796611
472,450,62000,1700,10.015205435428097,0.2770141818796611
473,450,63000,1700,10.013470535251876,0.2770141818796611
474,450,64000,1700,10.011735736605116,0.2770141818796611
475,450,65000,1700,10.010001039484246,0.2770141818796611
476,450,66000,1700,10.00826644388569,0.26442262815785833
477,450,67000,1700,10.00653194980588,0.26442262815785833
478,450,68000,1700,10.004797557241242,0.26442262815785833
479,450,69000,1700,10.003063266188201,0.26442262815785833
480,450,70000,1700,10.001329076643195,0.26442262815785833
481,450,71000,1700,10.0,0.26442262815785833
482,450,72000,1700,10.0,0.25183107443605557
483,450,73000,1700,10.0,0.25183107443605557
484,450,74000,1700,10.0,0.25183107443605557
485,450,75000,1700,10.0,0.25183107443605557
486,450,76000,1700,10.0,0.25183107443605557
487,450,77000,1700,10.0,0.25183107443605557
488,450,78000,1700,10.0,0.25183107443605557
489,450,79000,1700,10.0,0.23923952071425278
490,450,10000,1900,10.197269727039554,0.7806763307517722
491,450,11000,1900,10.182123955337934,0.7429016695863638
492,450,12000,1900,10.166986079891952,0.7051270084209555
493,450,13000,1900,10.151856098212464,0.6673523472555472
494,450,14000,1900,10.143029397949988,0.6421692398119416
495,450,15000,1900,10.136193096089835,0.6169861323683361
496,450,16000,1900,10.129358385347716,0.5918030249247306
497,450,17000,1900,10.12252526550027,0.566619917481125
498,450,18000,1900,10.115693736324172,0.5540283637593222
499,450,19000,1900,10.108863797596111,0.5288452563157167
500,450,20000,1900,10.102035449092796,0.5162537025939139
501,450,21000,1900,10.095208690590969,0.5036621488721111
502,450,22000,1900,10.088383521867387,0.4910705951503083
503,450,23000,1900,10.08267916484669,0.47847904142850556
504,450,24000,1900,10.08094352165188,0.46588748770670274
505,450,25000,1900,10.07920797989959,0.4532959339849
506,450,26000,1900,10.077472539586246,0.4407043802630972
507,450,27000,1900,10.07573720070829,0.4407043802630972
508,450,28000,1900,10.07400196326215,0.42811282654129446
509,450,29000,1900,10.072266827244263,0.41552127281949164
510,450,30000,1900,10.070531792651057,0.41552127281949164
511,450,31000,1900,10.068796859478969,0.4029297190976889
512,450,32000,1900,10.067062027724436,0.4029297190976889
513,450,33000,1900,10.065327297383885,0.3903381653758861
514,450,34000,1900,10.063592668453753,0.3903381653758861
515,450,35000,1900,10.061858140930473,0.3777466116540833
516,450,36000,1900,10.060123714810482,0.3777466116540833
517,450,37000,1900,10.05838939009021,0.36515505793228054
518,450,38000,1900,10.056655166766094,0.36515505793228054
519,450,39000,1900,10.05492104483457,0.3525635042104778
520,450,40000,1900,10.053187024292066,0.3525635042104778
521,450,41000,1900,10.05145310513502,0.3525635042104778
522,450,42000,1900,10.049719287359869,0.339971950488675
523,450,43000,1900,10.047985570963043,0.339971950488675
524,450,44000,1900,10.046251955940981,0.339971950488675
525,450,45000,1900,10.044518442290116,0.3273803967668722
526,450,46000,1900,10.042785030006877,0.3273803967668722
527,450,47000,1900,10.041051719087712,0.3273803967668722
528,450,48000,1900,10.039318509529046,0.31478884304506943
529,450,49000,1900,10.037585401327316,0.31478884304506943
530,450,50000,1900,10.03585239447896,0.31478884304506943
531,450,51000,1900,10.03411948898041,0.31478884304506943
532,450,52000,1900,10.032386684828106,0.30219728932326667
533,450,53000,1900,10.030653982018476,0.30219728932326667
534,450,54000,1900,10.028921380547963,0.30219728932326667
535,450,55000,1900,10.027188880413,0.30219728932326667
536,450,56000,1900,10.02545648161002,0.28960573560146385
537,450,57000,1900,10.023724184135464,0.28960573560146385
538,450,58000,1900,10.021991987985766,0.28960573560146385
539,450,59000,1900,10.020259893157359,0.28960573560146385
540,450,60000,1900,10.018527899646681,0.28960573560146385
541,450,61000,1900,10.016796007450171,0.2770141818796611
542,450,62000,1900,10.015064216564264,0.2770141818796611
543,450,63000,1900,10.013332526985394,0.2770141818796611
544,450,64000,1900,10.011600938709998,0.2770141818796611
545,450,65000,1900,10.009869451734518,0.2770141818796611
546,450,66000,1900,10.008138066055384,0.26442262815785833
547,450,67000,1900,10.006406781669035,0.26442262815785833
548,450,68000,1900,10.00467559857191,0.26442262815785833
549,450,69000,1900,10.002944516760442,0.26442262815785833
550,450,70000,1900,10.001213536231068,0.26442262815785833
551,450,71000,1900,10.0,0.26442262815785833
552,450,72000,1900,10.0,0.25183107443605557
553,450,73000,1900,10.0,0.25183107443605557
554,450,74000,1900,10.0,0.25183107443605557
555,450,75000,1900,10.0,0.25183107443605557
556,450,76000,1900,10.0,0.25183107443605557
557,450,77000,1900,10.0,0.25183107443605557
558,450,78000,1900,10.0,0.25183107443605557
559,450,79000,1900,10.0,0.25183107443605557
560,450,10000,2100,10.195261254462055,0.8058594381953778
561,450,11000,2100,10.180198091911043,0.7554932233081666
562,450,12000,2100,10.165142773561879,0.7177185621427583
563,450,13000,2100,10.150095296943062,0.67994390097735
564,450,14000,2100,10.142072733241964,0.6547607935337444
565,450,15000,2100,10.135261505313496,0.6169861323683361
566,450,16000,2100,10.12845186146694,0.6043945786465333
567,450,17000,2100,10.121643801479998,0.5792114712029277
568,450,18000,2100,10.1148373251304,0.5540283637593222
569,450,19000,2100,10.1080324321959,0.5414368100375194
570,450,20000,2100,10.101229122454267,0.5288452563157167
571,450,21000,2100,10.094427395683304,0.5036621488721111
572,450,22000,2100,10.087627251660825,0.4910705951503083
573,450,23000,2100,10.082413613252582,0.47847904142850556
574,450,24000,2100,10.080681180515965,0.46588748770670274
575,450,25000,2100,10.078948848996179,0.46588748770670274
576,450,26000,2100,10.077216618689663,0.4532959339849
577,450,27000,2100,10.075484489592865,0.4407043802630972
578,450,28000,2100,10.07375246170222,0.42811282654129446
579,450,29000,2100,10.072020535014174,0.42811282654129446
580,450,30000,2100,10.070288709525165,0.41552127281949164
581,450,31000,2100,10.06855698523164,0.4029297190976889
582,450,32000,2100,10.066825362130038,0.4029297190976889
583,450,33000,2100,10.065093840216804,0.3903381653758861
584,450,34000,2100,10.063362419488376,0.3903381653758861
585,450,35000,2100,10.0616310999412,0.3777466116540833
586,450,36000,2100,10.05989988157172,0.3777466116540833
587,450,37000,2100,10.058168764376372,0.36515505793228054
588,450,38000,2100,10.056437748351604,0.36515505793228054
589,450,39000,2100,10.054706833493857,0.36515505793228054
590,450,40000,2100,10.052976019799576,0.3525635042104778
591,450,41000,2100,10.051245307265201,0.3525635042104778
592,450,42000,2100,10.049514695887177,0.339971950488675
593,450,43000,2100,10.047784185661946,0.339971950488675
594,450,44000,2100,10.046053776585952,0.339971950488675
595,450,45000,2100,10.044323468655639,0.3273803967668722
596,450,46000,2100,10.042593261867449,0.3273803967668722
597,450,47000,2100,10.040863156217824,0.3273803967668722
598,450,48000,2100,10.039133151703211,0.3273803967668722
599,450,49000,2100,10.037403248320052,0.31478884304506943
600,450,50000,2100,10.03567344606479,0.31478884304506943
601,450,51000,2100,10.03394374493387,0.31478884304506943
602,450,52000,2100,10.032214144923739,0.30219728932326667
603,450,53000,2100,10.030484646030834,0.30219728932326667
604,450,54000,2100,10.028755248251604,0.30219728932326667
605,450,55000,2100,10.027025951582493,0.30219728932326667
606,450,56000,2100,10.025296756019943,0.28960573560146385
607,450,57000,2100,10.0235676615604,0.28960573560146385
608,450,58000,2100,10.021838668200308,0.28960573560146385
609,450,59000,2100,10.020109775936113,0.28960573560146385
610,450,60000,2100,10.018380984764256,0.28960573560146385
611,450,61000,2100,10.016652294681187,0.2770141818796611
612,450,62000,2100,10.014923705683348,0.2770141818796611
613,450,63000,2100,10.013195217767182,0.2770141818796611
614,450,64000,2100,10.011466830929137,0.2770141818796611
615,450,65000,2100,10.009738545165659,0.2770141818796611
616,450,66000,2100,10.008010360473188,0.2770141818796611
617,450,67000,2100,10.006282276848172,0.26442262815785833
618,450,68000,2100,10.00455429428706,0.26442262815785833
619,450,69000,2100,10.002826412786291,0.26442262815785833
620,450,70000,2100,10.00109863234232,0.26442262815785833
621,450,71000,2100,10.0,0.26442262815785833
622,450,72000,2100,10.0,0.26442262815785833
623,450,73000,2100,10.0,0.25183107443605557
624,450,74000,2100,10.0,0.25183107443605557
625,450,75000,2100,10.0,0.25183107443605557
626,450,76000,2100,10.0,0.25183107443605557
627,450,77000,2100,10.0,0.25183107443605557
628,450,78000,2100,10.0,0.25183107443605557
629,450,79000,2100,10.0,0.25183107443605557
630,450,10000,2300,10.193277062702444,0.8310425456389833
631,450,11000,2300,10.17829582833547,0.7806763307517722
632,450,12000,2300,10.163322386546803,0.7303101158645611
633,450,13000,2300,10.148356734882443,0.6925354546991528
634,450,14000,2300,10.141123754715162,0.6673523472555472
635,450,15000,2300,10.134337462084071,0.6295776860901389
636,450,16000,2300,10.127552746537736,0.6043945786465333
637,450,17000,2300,10.120769607854923,0.5918030249247306
638,450,18000,2300,10.113988045814411,0.566619917481125
639,450,19000,2300,10.107208060195013,0.5540283637593222
640,450,20000,2300,10.10042965077555,0.5288452563157167
641,450,21000,2300,10.093652817334878,0.5162537025939139
642,450,22000,2300,10.086877559651873,0.5036621488721111
643,450,23000,2300,10.082149113997264,0.4910705951503083
644,450,24000,2300,10.080419882789577,0.47847904142850556
645,450,25000,2300,10.078690752573664,0.46588748770670274
646,450,26000,2300,10.076961723345974,0.4532959339849
647,450,27000,2300,10.075232795102954,0.4407043802630972
648,450,28000,2300,10.073503967841058,0.4407043802630972
649,450,29000,2300,10.071775241556734,0.42811282654129446
650,450,30000,2300,10.070046616246433,0.41552127281949164
651,450,31000,2300,10.068318091906608,0.41552127281949164
652,450,32000,2300,10.066589668533707,0.4029297190976889
653,450,33000,2300,10.064861346124179,0.4029297190976889
654,450,34000,2300,10.06313312467448,0.3903381653758861
655,450,35000,2300,10.061405004181054,0.3903381653758861
656,450,36000,2300,10.059676984640362,0.3777466116540833
657,450,37000,2300,10.057949066048844,0.3777466116540833
658,450,38000,2300,10.056221248402958,0.36515505793228054
659,450,39000,2300,10.054493531699151,0.36515505793228054
660,450,40000,2300,10.052765915933884,0.3525635042104778
661,450,41000,2300,10.051038401103595,0.3525635042104778
662,450,42000,2300,10.049310987204743,0.3525635042104778
663,450,43000,2300,10.04758367423378,0.339971950488675
664,450,44000,2300,10.045856462187157,0.339971950488675
665,450,45000,2300,10.044129351061322,0.339971950488675
666,450,46000,2300,10.04240234085273,0.3273803967668722
667,450,47000,2300,10.040675431557837,0.3273803967668722
668,450,48000,2300,10.038948623173086,0.3273803967668722
669,450,49000,2300,10.037221915694936,0.31478884304506943
670,450,50000,2300,10.035495309119838,0.31478884304506943
671,450,51000,2300,10.033768803444245,0.31478884304506943
672,450,52000,2300,10.032042398664606,0.31478884304506943
673,450,53000,2300,10.030316094777376,0.30219728932326667
674,450,54000,2300,10.028589891779006,0.30219728932326667
675,450,55000,2300,10.026863789665951,0.30219728932326667
676,450,56000,2300,10.025137788434662,0.30219728932326667
677,450,57000,2300,10.023411888081593,0.28960573560146385
678,450,58000,2300,10.021686088603197,0.28960573560146385
679,450,59000,2300,10.019960389995928,0.28960573560146385
680,450,60000,2300,10.018234792256235,0.28960573560146385
681,450,61000,2300,10.016509295380576,0.28960573560146385
682,450,62000,2300,10.0147838993654,0.2770141818796611
683,450,63000,2300,10.013058604207165,0.2770141818796611
684,450,64000,2300,10.011333409902319,0.2770141818796611
685,450,65000,2300,10.009608316447322,0.2770141818796611
686,450,66000,2300,10.007883323838621,0.2770141818796611
687,450,67000,2300,10.006158432072676,0.26442262815785833
688,450,68000,2300,10.004433641145937,0.26442262815785833
689,450,69000,2300,10.002708951054858,0.26442262815785833
690,450,70000,2300,10.000984361795895,0.26442262815785833
691,450,71000,2300,10.0,0.26442262815785833
692,450,72000,2300,10.0,0.26442262815785833
693,450,73000,2300,10.0,0.25183107443605557
694,450,74000,2300,10.0,0.25183107443605557
695,450,75000,2300,10.0,0.25183107443605557
696,450,76000,2300,10.0,0.25183107443605557
697,450,77000,2300,10.0,0.25183107443605557
698,450,78000,2300,10.0,0.25183107443605557
699,450,79000,2300,10.0,0.25183107443605557
700,450,10000,2500,10.191316833892937,0.8688172068043917
701,450,11000,2500,10.17641685350349,0.8058594381953778
702,450,12000,2500,10.161524614494988,0.7554932233081666
703,450,13000,2500,10.146945460685297,0.7177185621427583
704,450,14000,2500,10.140182395292705,0.67994390097735
705,450,15000,2500,10.133420900246648,0.6421692398119416
706,450,16000,2500,10.126660975326931,0.6169861323683361
707,450,17000,2500,10.119902620313358,0.5918030249247306
708,450,18000,2500,10.113145834985756,0.5792114712029277
709,450,19000,2500,10.10639061912399,0.5540283637593222
710,450,20000,2500,10.099636972507932,0.5414368100375194
711,450,21000,2500,10.092884894917486,0.5288452563157167
712,450,22000,2500,10.086134386132569,0.5036621488721111
713,450,23000,2500,10.081885662515273,0.4910705951503083
714,450,24000,2500,10.080159623937094,0.47847904142850556
715,450,25000,2500,10.078433686126257,0.46588748770670274
716,450,26000,2500,10.076707849079217,0.46588748770670274
717,450,27000,2500,10.074982112792435,0.4532959339849
718,450,28000,2500,10.073256477262367,0.4407043802630972
719,450,29000,2500,10.071530942485474,0.42811282654129446
720,450,30000,2500,10.069805508458213,0.42811282654129446
721,450,31000,2500,10.068080175177048,0.41552127281949164
722,450,32000,2500,10.066354942638432,0.4029297190976889
723,450,33000,2500,10.064629810838825,0.4029297190976889
724,450,34000,2500,10.06290477977469,0.3903381653758861
725,450,35000,2500,10.061179849442482,0.3903381653758861
726,450,36000,2500,10.059455019838666,0.3777466116540833
727,450,37000,2500,10.057730290959695,0.3777466116540833
728,450,38000,2500,10.056005662802031,0.36515505793228054
729,450,39000,2500,10.054281135362137,0.36515505793228054
730,450,40000,2500,10.052556708636471,0.36515505793228054
731,450,41000,2500,10.05083238262149,0.3525635042104778
732,450,42000,2500,10.049108157313658,0.3525635042104778
733,450,43000,2500,10.04738403270943,0.339971950488675
734,450,44000,2500,10.045660008805275,0.339971950488675
735,450,45000,2500,10.043936085597643,0.339971950488675
736,450,46000,2500,10.042212263083002,0.3273803967668722
737,450,47000,2500,10.040488541257808,0.3273803967668722
738,450,48000,2500,10.038764920118524,0.3273803967668722
739,450,49000,2500,10.03704139966161,0.3273803967668722
740,450,50000,2500,10.035317979883525,0.31478884304506943
741,450,51000,2500,10.033594660780732,0.31478884304506943
742,450,52000,2500,10.031871442349692,0.31478884304506943
743,450,53000,2500,10.030148324586863,0.30219728932326667
744,450,54000,2500,10.02842530748871,0.30219728932326667
745,450,55000,2500,10.026702391051689,0.30219728932326667
746,450,56000,2500,10.024979575272269,0.30219728932326667
747,450,57000,2500,10.023256860146903,0.28960573560146385
748,450,58000,2500,10.021534245672058,0.28960573560146385
749,450,59000,2500,10.019811731844193,0.28960573560146385
750,450,60000,2500,10.01808931865977,0.28960573560146385
751,450,61000,2500,10.016367006115255,0.28960573560146385
752,450,62000,2500,10.0146447942071,0.2770141818796611
753,450,63000,2500,10.012922682931777,0.2770141818796611
754,450,64000,2500,10.01120067228574,0.2770141818796611
755,450,65000,2500,10.009478762265458,0.2770141818796611
756,450,66000,2500,10.007756952867389,0.2770141818796611
757,450,67000,2500,10.006035244087995,0.2770141818796611
758,450,68000,2500,10.004313635923738,0.26442262815785833
759,450,69000,2500,10.002592128371084,0.26442262815785833
760,450,70000,2500,10.000870721426494,0.26442262815785833
761,450,71000,2500,10.0,0.26442262815785833
762,450,72000,2500,10.0,0.26442262815785833
763,450,73000,2500,10.0,0.26442262815785833
764,450,74000,2500,10.0,0.25183107443605557
765,450,75000,2500,10.0,0.25183107443605557
766,450,76000,2500,10.0,0.25183107443605557
767,450,77000,2500,10.0,0.25183107443605557
768,450,78000,2500,10.0,0.25183107443605557
769,450,79000,2500,10.0,0.25183107443605557
770,450,10000,2700,10.189380254528487,0.9065918679698
771,450,11000,2700,10.174560860595413,0.8310425456389833
772,450,12000,2700,10.15974915726807,0.7806763307517722
773,450,13000,2700,10.145986986195899,0.7303101158645611
774,450,14000,2700,10.139248588512157,0.6925354546991528
775,450,15000,2700,10.132511754253969,0.6673523472555472
776,450,16000,2700,10.125776483202168,0.6295776860901389
777,450,17000,2700,10.119042775137608,0.6043945786465333
778,450,18000,2700,10.112310629841167,0.5918030249247306
779,450,19000,2700,10.10558004709374,0.566619917481125
780,450,20000,2700,10.09885102667625,0.5540283637593222
781,450,21000,2700,10.092123568369644,0.5288452563157167
782,450,22000,2700,10.085397671954878,0.5162537025939139
783,450,23000,2700,10.08162325426201,0.5036621488721111
784,450,24000,2700,10.079900399443643,0.4910705951503083
785,450,25000,2700,10.07817764516881,0.47847904142850556
786,450,26000,2700,10.07645499143397,0.46588748770670274
787,450,27000,2700,10.0747324382356,0.4532959339849
788,450,28000,2700,10.073009985570161,0.4407043802630972
789,450,29000,2700,10.071287633434121,0.4407043802630972
790,450,30000,2700,10.06956538182395,0.42811282654129446
791,450,31000,2700,10.067843230736111,0.41552127281949164
792,450,32000,2700,10.066121180167077,0.41552127281949164
793,450,33000,2700,10.064399230113311,0.4029297190976889
794,450,34000,2700,10.062677380571282,0.4029297190976889
795,450,35000,2700,10.06095563153746,0.3903381653758861
796,450,36000,2700,10.05923398300831,0.3903381653758861
797,450,37000,2700,10.057512434980302,0.3777466116540833
798,450,38000,2700,10.055790987449903,0.3777466116540833
799,450,39000,2700,10.054069640413582,0.36515505793228054
800,450,40000,2700,10.052348393867808,0.36515505793228054
801,450,41000,2700,10.050627247809045,0.3525635042104778
802,450,42000,2700,10.048906202233765,0.3525635042104778
803,450,43000,2700,10.047185257138436,0.3525635042104778
804,450,44000,2700,10.04546441251953,0.339971950488675
805,450,45000,2700,10.043743668373507,0.339971950488675
806,450,46000,2700,10.042023024696846,0.339971950488675
807,450,47000,2700,10.040302481486009,0.3273803967668722
808,450,48000,2700,10.038582038737466,0.3273803967668722
809,450,49000,2700,10.036861696447689,0.3273803967668722
810,450,50000,2700,10.035141454613143,0.31478884304506943
811,450,51000,2700,10.0334213132303,0.31478884304506943
812,450,52000,2700,10.03170127229563,0.31478884304506943
813,450,53000,2700,10.029981331805597,0.31478884304506943
814,450,54000,2700,10.028261491756679,0.30219728932326667
815,450,55000,2700,10.02654175214534,0.30219728932326667
816,450,56000,2700,10.024822112968051,0.30219728932326667
817,450,57000,2700,10.02310257422128,0.30219728932326667
818,450,58000,2700,10.0213831359015,0.28960573560146385
819,450,59000,2700,10.019663798005181,0.28960573560146385
820,450,60000,2700,10.01794456052879,0.28960573560146385
821,450,61000,2700,10.016225423468796,0.28960573560146385
822,450,62000,2700,10.014506386821674,0.28960573560146385
823,450,63000,2700,10.01278745058389,0.2770141818796611
824,450,64000,2700,10.01106861475192,0.2770141818796611
825,450,65000,2700,10.009349879322228,0.2770141818796611
826,450,66000,2700,10.007631244291291,0.2770141818796611
827,450,67000,2700,10.005912709655574,0.2770141818796611
828,450,68000,2700,10.00419427541155,0.26442262815785833
829,450,69000,2700,10.002475941555687,0.26442262815785833
830,450,70000,2700,10.000757708084462,0.26442262815785833
831,450,71000,2700,10.0,0.26442262815785833
832,450,72000,2700,10.0,0.26442262815785833
833,450,73000,2700,10.0,0.26442262815785833
834,450,74000,2700,10.0,0.25183107443605557
835,450,75000,2700,10.0,0.25183107443605557
836,450,76000,2700,10.0,0.25183107443605557
837,450,77000,2700,10.0,0.25183107443605557
838,450,78000,2700,10.0,0.25183107443605557
839,450,79000,2700,10.0,0.25183107443605557
840,450,10000,2900,10.187467015405,0.9569580828570111
841,450,11000,2900,10.172727547018676,0.8688172068043917
842,450,12000,2900,10.157995718881027,0.8058594381953778
843,450,13000,2900,10.145036134421654,0.7554932233081666
844,450,14000,2900,10.138322268519737,0.7177185621427583
845,450,15000,2900,10.131609959160627,0.67994390097735
846,450,16000,2900,10.124899206126196,0.6547607935337444
847,450,17000,2900,10.118190009198335,0.6295776860901389
848,450,18000,2900,10.111482368158955,0.6043945786465333
849,450,19000,2900,10.104776282789997,0.5792114712029277
850,450,20000,2900,10.098071752873413,0.5540283637593222
851,450,21000,2900,10.091368778191187,0.5414368100375194
852,450,22000,2900,10.08466735852532,0.5288452563157167
853,450,23000,2900,10.08136188471364,0.5162537025939139
854,450,24000,2900,10.079642204815002,0.4910705951503083
855,450,25000,2900,10.077922625236708,0.47847904142850556
856,450,26000,2900,10.076203145975235,0.47847904142850556
857,450,27000,2900,10.074483767027058,0.46588748770670274
858,450,28000,2900,10.072764488388653,0.4532959339849
859,450,29000,2900,10.071045310056494,0.4407043802630972
860,450,30000,2900,10.069326232027061,0.42811282654129446
861,450,31000,2900,10.067607254296828,0.42811282654129446
862,450,32000,2900,10.065888376862267,0.41552127281949164
863,450,33000,2900,10.06416959971986,0.4029297190976889
864,450,34000,2900,10.062450922866077,0.4029297190976889
865,450,35000,2900,10.060732346297401,0.3903381653758861
866,450,36000,2900,10.059013870010302,0.3903381653758861
867,450,37000,2900,10.057295494001261,0.3777466116540833
868,450,38000,2900,10.055577218266752,0.3777466116540833
869,450,39000,2900,10.053859042803252,0.36515505793228054
870,450,40000,2900,10.052140967607238,0.36515505793228054
871,450,41000,2900,10.05042299267519,0.36515505793228054
872,450,42000,2900,10.048705118003577,0.3525635042104778
873,450,43000,2900,10.046987343588881,0.3525635042104778
874,450,44000,2900,10.045269669427583,0.339971950488675
875,450,45000,2900,10.043552095516151,0.339971950488675
876,450,46000,2900,10.04183462185107,0.339971950488675
877,450,47000,2900,10.04011724842881,0.3273803967668722
878,450,48000,2900,10.038399975245856,0.3273803967668722
879,450,49000,2900,10.036682802298682,0.3273803967668722
880,450,50000,2900,10.034965729583766,0.3273803967668722
881,450,51000,2900,10.033248757097583,0.31478884304506943
882,450,52000,2900,10.031531884836614,0.31478884304506943
883,450,53000,2900,10.029815112797333,0.31478884304506943
884,450,54000,2900,10.028098440976226,0.30219728932326667
885,450,55000,2900,10.026381869369764,0.30219728932326667
886,450,56000,2900,10.024665397974426,0.30219728932326667
887,450,57000,2900,10.02294902678669,0.30219728932326667
888,450,58000,2900,10.021232755803034,0.30219728932326667
889,450,59000,2900,10.019516585019941,0.28960573560146385
890,450,60000,2900,10.017800514433885,0.28960573560146385
891,450,61000,2900,10.016084544041345,0.28960573560146385
892,450,62000,2900,10.0143686738388,0.28960573560146385
893,450,63000,2900,10.01265290382273,0.2770141818796611
894,450,64000,2900,10.01093723398961,0.2770141818796611
895,450,65000,2900,10.009221664335923,0.2770141818796611
896,450,66000,2900,10.007506194858147,0.2770141818796611
897,450,67000,2900,10.005790825552758,0.2770141818796611
898,450,68000,2900,10.004075556416241,0.2770141818796611
899,450,69000,2900,10.002360387445071,0.26442262815785833
900,450,70000,2900,10.000645318635726,0.26442262815785833
901,450,71000,2900,10.0,0.26442262815785833
902,450,72000,2900,10.0,0.26442262815785833
903,450,73000,2900,10.0,0.26442262815785833
904,450,74000,2900,10.0,0.26442262815785833
905,450,75000,2900,10.0,0.25183107443605557
906,450,76000,2900,10.0,0.25183107443605557
907,450,77000,2900,10.0,0.25183107443605557
908,450,78000,2900,10.0,0.25183107443605557
909,450,79000,2900,10.0,0.25183107443605557
910,450,10000,3100,10.18557681155843,1.019915851466025
911,450,11000,3100,10.170916614347812,0.9191834216916027
912,450,12000,3100,10.156264007443028,0.843634099360786
913,450,13000,3100,10.144092839209742,0.793267884473575
914,450,14000,3100,10.137403370064542,0.7429016695863638
915,450,15000,3100,10.1307154506174,0.7051270084209555
916,450,16000,3100,10.124029080651223,0.6673523472555472
917,450,17000,3100,10.117344259948933,0.6421692398119416
918,450,18000,3100,10.110660988293473,0.6169861323683361
919,450,19000,3100,10.10397926546781,0.5918030249247306
920,450,20000,3100,10.097299091254941,0.566619917481125
921,450,21000,3100,10.090620465437869,0.5540283637593222
922,450,22000,3100,10.083943387799629,0.5414368100375194
923,450,23000,3100,10.08110154936699,0.5162537025939139
924,450,24000,3100,10.0793850355775,0.5036621488721111
925,450,25000,3100,10.07766862188579,0.4910705951503083
926,450,26000,3100,10.075952308288345,0.47847904142850556
927,450,27000,3100,10.074236094781645,0.46588748770670274
928,450,28000,3100,10.072519981362179,0.4532959339849
929,450,29000,3100,10.070803968026427,0.4532959339849
930,450,30000,3100,10.069088054770873,0.4407043802630972
931,450,31000,3100,10.067372241592007,0.42811282654129446
932,450,32000,3100,10.065656528486306,0.41552127281949164
933,450,33000,3100,10.06394091545026,0.41552127281949164
934,450,34000,3100,10.06222540248035,0.4029297190976889
935,450,35000,3100,10.06050998957306,0.4029297190976889
936,450,36000,3100,10.058794676724881,0.3903381653758861
937,450,37000,3100,10.057079463932288,0.3903381653758861
938,450,38000,3100,10.055364351191773,0.3777466116540833
939,450,39000,3100,10.05364933849982,0.3777466116540833
940,450,40000,3100,10.051934425852913,0.36515505793228054
941,450,41000,3100,10.050219613247538,0.36515505793228054
942,450,42000,3100,10.048504900680179,0.3525635042104778
943,450,43000,3100,10.046790288147323,0.3525635042104778
944,450,44000,3100,10.045075775645454,0.3525635042104778
945,450,45000,3100,10.043361363171059,0.339971950488675
946,450,46000,3100,10.041647050720618,0.339971950488675
947,450,47000,3100,10.039932838290625,0.339971950488675
948,450,48000,3100,10.03821872587756,0.3273803967668722
949,450,49000,3100,10.036504713477912,0.3273803967668722
950,450,50000,3100,10.034790801088164,0.3273803967668722
951,450,51000,3100,10.033076988704806,0.31478884304506943
952,450,52000,3100,10.03136327632432,0.31478884304506943
953,450,53000,3100,10.029649663943196,0.31478884304506943
954,450,54000,3100,10.027936151557917,0.31478884304506943
955,450,55000,3100,10.026222739164972,0.30219728932326667
956,450,56000,3100,10.024509426760844,0.30219728932326667
957,450,57000,3100,10.022796214342023,0.30219728932326667
958,450,58000,3100,10.021083101904994,0.30219728932326667
959,450,59000,3100,10.019370089446246,0.28960573560146385
960,450,60000,3100,10.017657176962262,0.28960573560146385
961,450,61000,3100,10.015944364449531,0.28960573560146385
962,450,62000,3100,10.014231651904542,0.28960573560146385
963,450,63000,3100,10.012519039323777,0.28960573560146385
964,450,64000,3100,10.010806526703728,0.2770141818796611
965,450,65000,3100,10.00909411404088,0.2770141818796611
966,450,66000,3100,10.007381801331722,0.2770141818796611
967,450,67000,3100,10.005669588572738,0.2770141818796611
968,450,68000,3100,10.00395747576042,0.2770141818796611
969,450,69000,3100,10.002245462891253,0.26442262815785833
970,450,70000,3100,10.000533549961721,0.26442262815785833
971,450,71000,3100,10.0,0.26442262815785833
972,450,72000,3100,10.0,0.26442262815785833
973,450,73000,3100,10.0,0.26442262815785833
974,450,74000,3100,10.0,0.26442262815785833
975,450,75000,3100,10.0,0.26442262815785833
976,450,76000,3100,10.0,0.25183107443605557
977,450,77000,3100,10.0,0.25183107443605557
978,450,78000,3100,10.0,0.25183107443605557
979,450,79000,3100,10.0,0.25183107443605557
980,450,10000,3300,10.18370934220476,1.0954651737968417
981,450,11000,3300,10.169127768265296,0.9821411903006166
982,450,12000,3300,10.154553735099134,0.8940003142479972
983,450,13000,3300,10.143157035011189,0.8310425456389833
984,450,14000,3300,10.13649182849285,0.7806763307517722
985,450,15000,3300,10.129828164865588,0.7303101158645611
986,450,16000,3300,10.123166043913324,0.6925354546991528
987,450,17000,3300,10.116505465420014,0.6547607935337444
988,450,18000,3300,10.109846429169624,0.6295776860901389
989,450,19000,3300,10.103188934946152,0.6043945786465333
990,450,20000,3300,10.096532982533612,0.5792114712029277
991,450,21000,3300,10.089878571716039,0.566619917481125
992,450,22000,3300,10.083225702277492,0.5414368100375194
993,450,23000,3300,10.080842243739447,0.5288452563157167
994,450,24000,3300,10.079128887277928,0.5162537025939139
995,450,25000,3300,10.077415630692236,0.5036621488721111
996,450,26000,3300,10.075702473978874,0.4910705951503083
997,450,27000,3300,10.073989417134328,0.47847904142850556
998,450,28000,3300,10.072276460155088,0.46588748770670274
999,450,29000,3300,10.070563603037652,0.4532959339849
1000,450,30000,3300,10.06885084577851,0.4407043802630972
1001,450,31000,3300,10.067138188374152,0.4407043802630972
1002,450,32000,3300,10.065425630821077,0.42811282654129446
1003,450,33000,3300,10.063713173115772,0.41552127281949164
1004,450,34000,3300,10.062000815254734,0.41552127281949164
1005,450,35000,3300,10.060288557234452,0.4029297190976889
1006,450,36000,3300,10.058576399051422,0.4029297190976889
1007,450,37000,3300,10.056864340702138,0.3903381653758861
1008,450,38000,3300,10.05515238218309,0.3903381653758861
1009,450,39000,3300,10.053440523490774,0.3777466116540833
1010,450,40000,3300,10.051728764621682,0.3777466116540833
1011,450,41000,3300,10.050017105572309,0.36515505793228054
1012,450,42000,3300,10.048305546339146,0.36515505793228054
1013,450,43000,3300,10.046594086918688,0.3525635042104778
1014,450,44000,3300,10.04488272730743,0.3525635042104778
1015,450,45000,3300,10.043171467501866,0.3525635042104778
1016,450,46000,3300,10.041460307498488,0.339971950488675
1017,450,47000,3300,10.03974924729379,0.339971950488675
1018,450,48000,3300,10.038038286884266,0.339971950488675
1019,450,49000,3300,10.036327426266414,0.3273803967668722
1020,450,50000,3300,10.034616665436726,0.3273803967668722
1021,450,51000,3300,10.032906004391695,0.3273803967668722
1022,450,52000,3300,10.031195443127816,0.31478884304506943
1023,450,53000,3300,10.029484981641582,0.31478884304506943
1024,450,54000,3300,10.027774619929492,0.31478884304506943
1025,450,55000,3300,10.026064357988037,0.31478884304506943
1026,450,56000,3300,10.024354195813716,0.30219728932326667
1027,450,57000,3300,10.02264413340302,0.30219728932326667
1028,450,58000,3300,10.020934170752446,0.30219728932326667
1029,450,59000,3300,10.019224307858487,0.30219728932326667
1030,450,60000,3300,10.017514544717638,0.28960573560146385
1031,450,61000,3300,10.0158048813264,0.28960573560146385
1032,450,62000,3300,10.01409531768126,0.28960573560146385
1033,450,63000,3300,10.012385853778719,0.28960573560146385
1034,450,64000,3300,10.010676489615273,0.28960573560146385
1035,450,65000,3300,10.008967225187412,0.2770141818796611
1036,450,66000,3300,10.00725806049164,0.2770141818796611
1037,450,67000,3300,10.005548995524446,0.2770141818796611
1038,450,68000,3300,10.00384003028233,0.2770141818796611
1039,450,69000,3300,10.002131164761783,0.2770141818796611
1040,450,70000,3300,10.000422398959307,0.26442262815785833
1041,450,71000,3300,10.0,0.26442262815785833
1042,450,72000,3300,10.0,0.26442262815785833
1043,450,73000,3300,10.0,0.26442262815785833
1044,450,74000,3300,10.0,0.26442262815785833
1045,450,75000,3300,10.0,0.26442262815785833
1046,450,76000,3300,10.0,0.25183107443605557
1047,450,77000,3300,10.0,0.25183107443605557
1048,450,78000,3300,10.0,0.25183107443605557
1049,450,79000,3300,10.0,0.25183107443605557
1050,450,10000,3500,10.181864310680846,1.2213807110148693
1051,450,11000,3500,10.167360718503243,1.070282066353236
1052,450,12000,3500,10.152864617972858,0.9569580828570111
1053,450,13000,3500,10.142228656875172,0.8814087605261944
1054,450,14000,3500,10.13558757974249,0.8184509919171805
1055,450,15000,3500,10.128948038731414,0.7680847770299695
1056,450,16000,3500,10.122310033626897,0.7177185621427583
1057,450,17000,3500,10.115673564213907,0.67994390097735
1058,450,18000,3500,10.109038630277432,0.6547607935337444
1059,450,19000,3500,10.10240523160249,0.6295776860901389
1060,450,20000,3500,10.095773367974116,0.6043945786465333
1061,450,21000,3500,10.089143039177367,0.5792114712029277
1062,450,22000,3500,10.082514244997318,0.5540283637593222
1063,450,23000,3500,10.080583963368875,0.5414368100375194
1064,450,24000,3500,10.078873755483428,0.5288452563157167
1065,450,25000,3500,10.07716364725248,0.5162537025939139
1066,450,26000,3500,10.075453638672535,0.4910705951503083
1067,450,27000,3500,10.073743729740091,0.47847904142850556
1068,450,28000,3500,10.07203392045165,0.47847904142850556
1069,450,29000,3500,10.070324210803717,0.46588748770670274
1070,450,30000,3500,10.068614600792786,0.4532959339849
1071,450,31000,3500,10.06690509041536,0.4407043802630972
1072,450,32000,3500,10.065195679667942,0.42811282654129446
1073,450,33000,3500,10.063486368547032,0.42811282654129446
1074,450,34000,3500,10.061777157049134,0.41552127281949164
1075,450,35000,3500,10.060068045170743,0.4029297190976889
1076,450,36000,3500,10.058359032908365,0.4029297190976889
1077,450,37000,3500,10.056650120258501,0.3903381653758861
1078,450,38000,3500,10.054941307217652,0.3903381653758861
1079,450,39000,3500,10.053232593782319,0.3777466116540833
1080,450,40000,3500,10.051523979949005,0.3777466116540833
1081,450,41000,3500,10.049815465714213,0.36515505793228054
1082,450,42000,3500,10.048107051074442,0.36515505793228054
1083,450,43000,3500,10.046398736026196,0.36515505793228054
1084,450,44000,3500,10.044690520565977,0.3525635042104778
1085,450,45000,3500,10.042982404690287,0.3525635042104778
1086,450,46000,3500,10.041274388395626,0.339971950488675
1087,450,47000,3500,10.039566471678501,0.339971950488675
1088,450,48000,3500,10.037858654535412,0.339971950488675
1089,450,49000,3500,10.03615093696286,0.3273803967668722
1090,450,50000,3500,10.03444331895735,0.3273803967668722
1091,450,51000,3500,10.032735800515384,0.3273803967668722
1092,450,52000,3500,10.031028381633465,0.3273803967668722
1093,450,53000,3500,10.029321062308098,0.31478884304506943
1094,450,54000,3500,10.02761384253578,0.31478884304506943
1095,450,55000,3500,10.02590672231302,0.31478884304506943
1096,450,56000,3500,10.024199701636316,0.30219728932326667
1097,450,57000,3500,10.022492780502176,0.30219728932326667
1098,450,58000,3500,10.020785958907105,0.30219728932326667
1099,450,59000,3500,10.019079236847599,0.30219728932326667
1100,450,60000,3500,10.017372614320166,0.30219728932326667
1101,450,61000,3500,10.015666091321311,0.28960573560146385
1102,450,62000,3500,10.013959667847537,0.28960573560146385
1103,450,63000,3500,10.012253343895344,0.28960573560146385
1104,450,64000,3500,10.01054711946124,0.28960573560146385
1105,450,65000,3500,10.008840994541725,0.2770141818796611
1106,450,66000,3500,10.00713496913331,0.2770141818796611
1107,450,67000,3500,10.005429043232493,0.2770141818796611
1108,450,68000,3500,10.003723216835779,0.2770141818796611
1109,450,69000,3500,10.002017489939673,0.2770141818796611
1110,450,70000,3500,10.000311862540682,0.2770141818796611
1111,450,71000,3500,10.0,0.26442262815785833
1112,450,72000,3500,10.0,0.26442262815785833
1113,450,73000,3500,10.0,0.26442262815785833
1114,450,74000,3500,10.0,0.26442262815785833
1115,450,75000,3500,10.0,0.26442262815785833
1116,450,76000,3500,10.0,0.26442262815785833
1117,450,77000,3500,10.0,0.25183107443605557
1118,450,78000,3500,10.0,0.25183107443605557
1119,450,79000,3500,10.0,0.25183107443605557
1120,450,10000,3700,10.180041424386118,1.3976624631201082
1121,450,11000,3700,10.165615178785966,1.1836060498494612
1122,450,12000,3700,10.151196376109555,1.0325074051878278
1123,450,13000,3700,10.141307640443369,0.9317749754134055
1124,450,14000,3700,10.134690560337226,0.8562256530825889
1125,450,15000,3700,10.128075009620508,0.8058594381953778
1126,450,16000,3700,10.121460988079182,0.7554932233081666
1127,450,17000,3700,10.114848495499226,0.7051270084209555
1128,450,18000,3700,10.108237531666655,0.67994390097735
1129,450,19000,3700,10.101628096367493,0.6421692398119416
1130,450,20000,3700,10.095020189387787,0.6169861323683361
1131,450,21000,3700,10.088413810513613,0.5918030249247306
1132,450,22000,3700,10.082033871282873,0.5792114712029277
1133,450,23000,3700,10.080326703813505,0.5540283637593222
1134,450,24000,3700,10.078619635781411,0.5414368100375194
1135,450,25000,3700,10.076912667183104,0.5162537025939139
1136,450,26000,3700,10.075205798015089,0.5036621488721111
1137,450,27000,3700,10.073499028273874,0.4910705951503083
1138,450,28000,3700,10.071792357955974,0.47847904142850556
1139,450,29000,3700,10.070085787057893,0.46588748770670274
1140,450,30000,3700,10.068379315576143,0.4532959339849
1141,450,31000,3700,10.06667294350723,0.4532959339849
1142,450,32000,3700,10.06496667084767,0.4407043802630972
1143,450,33000,3700,10.063260497593964,0.42811282654129446
1144,450,34000,3700,10.061554423742626,0.42811282654129446
1145,450,35000,3700,10.059848449290168,0.41552127281949164
1146,450,36000,3700,10.058142574233095,0.4029297190976889
1147,450,37000,3700,10.056436798567923,0.4029297190976889
1148,450,38000,3700,10.054731122291152,0.3903381653758861
1149,450,39000,3700,10.0530255453993,0.3903381653758861
1150,450,40000,3700,10.051320067888875,0.3777466116540833
1151,450,41000,3700,10.049614689756387,0.3777466116540833
1152,450,42000,3700,10.047909410998345,0.36515505793228054
1153,450,43000,3700,10.046204231611265,0.36515505793228054
1154,450,44000,3700,10.044499151591651,0.36515505793228054
1155,450,45000,3700,10.042794170936014,0.3525635042104778
1156,450,46000,3700,10.041089289640867,0.3525635042104778
1157,450,47000,3700,10.03938450770272,0.339971950488675
1158,450,48000,3700,10.037679825118087,0.339971950488675
1159,450,49000,3700,10.035975241883474,0.339971950488675
1160,450,50000,3700,10.034270757995392,0.3273803967668722
1161,450,51000,3700,10.032566373450356,0.3273803967668722
1162,450,52000,3700,10.030862088244874,0.3273803967668722
1163,450,53000,3700,10.029157902375458,0.31478884304506943
1164,450,54000,3700,10.027453815838621,0.31478884304506943
1165,450,55000,3700,10.02574982863087,0.31478884304506943
1166,450,56000,3700,10.02404594074872,0.31478884304506943
1167,450,57000,3700,10.022342152188683,0.30219728932326667
1168,450,58000,3700,10.020638462947272,0.30219728932326667
1169,450,59000,3700,10.018934873020992,0.30219728932326667
1170,450,60000,3700,10.017231382406361,0.30219728932326667
1171,450,61000,3700,10.015527991099889,0.28960573560146385
1172,450,62000,3700,10.01382469909809,0.28960573560146385
1173,450,63000,3700,10.012121506397472,0.28960573560146385
1174,450,64000,3700,10.01041841299455,0.28960573560146385
1175,450,65000,3700,10.008715418885837,0.28960573560146385
1176,450,66000,3700,10.007012524067845,0.2770141818796611
1177,450,67000,3700,10.005309728537084,0.2770141818796611
1178,450,68000,3700,10.003607032290072,0.2770141818796611
1179,450,69000,3700,10.001904435323311,0.2770141818796611
1180,450,70000,3700,10.000201937633324,0.2770141818796611
1181,450,71000,3700,10.0,0.2770141818796611
1182,450,72000,3700,10.0,0.26442262815785833
1183,450,73000,3700,10.0,0.26442262815785833
1184,450,74000,3700,10.0,0.26442262815785833
1185,450,75000,3700,10.0,0.26442262815785833
1186,450,76000,3700,10.0,0.26442262815785833
1187,450,77000,3700,10.0,0.26442262815785833
1188,450,78000,3700,10.0,0.25183107443605557
1189,450,79000,3700,10.0,0.25183107443605557
1190,450,10000,3900,10.17824039472515,1.7250428598869805
1191,450,11000,3900,10.163890866773341,1.3598878019547
1192,450,12000,3900,10.149548733420637,1.1458313886840528
1193,450,13000,3900,10.14039392194438,1.019915851466025
1194,450,14000,3900,10.133800707381242,0.9191834216916027
1195,450,15000,3900,10.127209015512399,0.8562256530825889
1196,450,16000,3900,10.120618846124819,0.793267884473575
1197,450,17000,3900,10.114030199005503,0.7429016695863638
1198,450,18000,3900,10.10744307394146,0.7051270084209555
1199,450,19000,3900,10.10085747071973,0.6673523472555472
1200,450,20000,3900,10.094273389127371,0.6421692398119416
1201,450,21000,3900,10.087690828951464,0.6169861323683361
1202,450,22000,3900,10.081774496741392,0.5918030249247306
1203,450,23000,3900,10.080070460651841,0.566619917481125
1204,450,24000,3900,10.078366523779456,0.5540283637593222
1205,450,25000,3900,10.07666268612075,0.5288452563157167
1206,450,26000,3900,10.074958947672243,0.5162537025939139
1207,450,27000,3900,10.073255308430449,0.5036621488721111
1208,450,28000,3900,10.071551768391888,0.4910705951503083
1209,450,29000,3900,10.069848327553077,0.47847904142850556
1210,450,30000,3900,10.068144985910534,0.46588748770670274
1211,450,31000,3900,10.066441743460777,0.4532959339849
1212,450,32000,3900,10.06473860020032,0.4532959339849
1213,450,33000,3900,10.063035556125685,0.4407043802630972
1214,450,34000,3900,10.061332611233388,0.42811282654129446
1215,450,35000,3900,10.059629765519945,0.41552127281949164
1216,450,36000,3900,10.057927018981879,0.41552127281949164
1217,450,37000,3900,10.056224371615706,0.4029297190976889
1218,450,38000,3900,10.05452182341794,0.4029297190976889
1219,450,39000,3900,10.052819374385106,0.3903381653758861
1220,450,40000,3900,10.051117024513717,0.3903381653758861
1221,450,41000,3900,10.049414773800294,0.3777466116540833
1222,450,42000,3900,10.04771262224136,0.3777466116540833
1223,450,43000,3900,10.046010569833424,0.36515505793228054
1224,450,44000,3900,10.04430861657301,0.36515505793228054
1225,450,45000,3900,10.042606762456638,0.3525635042104778
1226,450,46000,3900,10.040905007480827,0.3525635042104778
1227,450,47000,3900,10.039203351642094,0.3525635042104778
1228,450,48000,3900,10.037501794936956,0.339971950488675
1229,450,49000,3900,10.035800337361936,0.339971950488675
1230,450,50000,3900,10.034098978913551,0.339971950488675
1231,450,51000,3900,10.032397719588326,0.3273803967668722
1232,450,52000,3900,10.030696559382772,0.3273803967668722
1233,450,53000,3900,10.028995498293412,0.3273803967668722
1234,450,54000,3900,10.027294536316768,0.31478884304506943
1235,450,55000,3900,10.02559367344936,0.31478884304506943
1236,450,56000,3900,10.0238929096877,0.31478884304506943
1237,450,57000,3900,10.022192245028316,0.31478884304506943
1238,450,58000,3900,10.020491679467728,0.30219728932326667
1239,450,59000,3900,10.01879121300245,0.30219728932326667
1240,450,60000,3900,10.017090845629005,0.30219728932326667
1241,450,61000,3900,10.015390577343917,0.30219728932326667
1242,450,62000,3900,10.0136904081437,0.28960573560146385
1243,450,63000,3900,10.01199033802488,0.28960573560146385
1244,450,64000,3900,10.010290366983973,0.28960573560146385
1245,450,65000,3900,10.008590495017504,0.28960573560146385
1246,450,66000,3900,10.006890722121987,0.28960573560146385
1247,450,67000,3900,10.005191048293952,0.2770141818796611
1248,450,68000,3900,10.003491473529914,0.2770141818796611
1249,450,69000,3900,10.001791997826393,0.2770141818796611
1250,450,70000,3900,10.000092621179913,0.2770141818796611
1251,450,71000,3900,10.0,0.2770141818796611
1252,450,72000,3900,10.0,0.26442262815785833
1253,450,73000,3900,10.0,0.26442262815785833
1254,450,74000,3900,10.0,0.26442262815785833
1255,450,75000,3900,10.0,0.26442262815785833
1256,450,76000,3900,10.0,0.26442262815785833
1257,450,77000,3900,10.0,0.26442262815785833
1258,450,78000,3900,10.0,0.26442262815785833
1259,450,79000,3900,10.0,0.25183107443605557
1260,450,10000,4100,10.176460937051008,2.6316347278567807
1261,450,11000,4100,10.162187504005024,1.6746766449997694
1262,450,12000,4100,10.147921417628583,1.3221131407892917
1263,450,13000,4100,10.139487438188183,1.13323983496225
1264,450,14000,4100,10.13291795855365,1.0073242977442223
1265,450,15000,4100,10.12634999495509,0.9065918679698
1266,450,16000,4100,10.119783547180482,0.843634099360786
1267,450,17000,4100,10.113218615017827,0.7806763307517722
1268,450,18000,4100,10.10665519825514,0.7429016695863638
1269,450,19000,4100,10.10009329668046,0.7051270084209555
1270,450,20000,4100,10.093532910081857,0.6673523472555472
1271,450,21000,4100,10.086974038247407,0.6421692398119416
1272,450,22000,4100,10.081516142857602,0.6169861323683361
1273,450,23000,4100,10.079815229482575,0.5918030249247306
1274,450,24000,4100,10.07811441510521,0.566619917481125
1275,450,25000,4100,10.076413699722032,0.5540283637593222
1276,450,26000,4100,10.074713083329566,0.5288452563157167
1277,450,27000,4100,10.07301256592434,0.5162537025939139
1278,450,28000,4100,10.071312147502873,0.5036621488721111
1279,450,29000,4100,10.0696118280617,0.4910705951503083
1280,450,30000,4100,10.06791160759734,0.47847904142850556
1281,450,31000,4100,10.06621148610632,0.46588748770670274
1282,450,32000,4100,10.06451146358517,0.4532959339849
1283,450,33000,4100,10.06281154003041,0.4407043802630972
1284,450,34000,4100,10.06111171543857,0.4407043802630972
1285,450,35000,4100,10.059411989806176,0.42811282654129446
1286,450,36000,4100,10.057712363129752,0.41552127281949164
1287,450,37000,4100,10.056012835405827,0.41552127281949164
1288,450,38000,4100,10.054313406630927,0.4029297190976889
1289,450,39000,4100,10.052614076801579,0.4029297190976889
1290,450,40000,4100,10.050914845914308,0.3903381653758861
1291,450,41000,4100,10.04921571396564,0.3903381653758861
1292,450,42000,4100,10.047516680952105,0.3777466116540833
1293,450,43000,4100,10.045817746870227,0.3777466116540833
1294,450,44000,4100,10.044118911716536,0.36515505793228054
1295,450,45000,4100,10.042420175487559,0.36515505793228054
1296,450,46000,4100,10.04072153817982,0.3525635042104778
1297,450,47000,4100,10.039022999789848,0.3525635042104778
1298,450,48000,4100,10.037324560314172,0.3525635042104778
1299,450,49000,4100,10.035626219749314,0.339971950488675
1300,450,50000,4100,10.033927978091809,0.339971950488675
1301,450,51000,4100,10.03222983533818,0.339971950488675
1302,450,52000,4100,10.030531791484954,0.3273803967668722
1303,450,53000,4100,10.028833846528663,0.3273803967668722
1304,450,54000,4100,10.02713600046583,0.3273803967668722
1305,450,55000,4100,10.025438253292988,0.31478884304506943
1306,450,56000,4100,10.02374060500666,0.31478884304506943
1307,450,57000,4100,10.022043055603378,0.31478884304506943
1308,450,58000,4100,10.020345605079667,0.31478884304506943
1309,450,59000,4100,10.018648253432062,0.30219728932326667
1310,450,60000,4100,10.016951000657082,0.30219728932326667
1311,450,61000,4100,10.015253846751262,0.30219728932326667
1312,450,62000,4100,10.013556791711126,0.30219728932326667
1313,450,63000,4100,10.011859835533212,0.28960573560146385
1314,450,64000,4100,10.010162978214035,0.28960573560146385
1315,450,65000,4100,10.008466219750135,0.28960573560146385
1316,450,66000,4100,10.006769560138036,0.28960573560146385
1317,450,67000,4100,10.005072999374269,0.28960573560146385
1318,450,68000,4100,10.00337653745536,0.2770141818796611
1319,450,69000,4100,10.00168017437784,0.2770141818796611
1320,450,70000,4100,10.0,0.2770141818796611
1321,450,71000,4100,10.0,0.2770141818796611
1322,450,72000,4100,10.0,0.2770141818796611
1323,450,73000,4100,10.0,0.26442262815785833
1324,450,74000,4100,10.0,0.26442262815785833
1325,450,75000,4100,10.0,0.26442262815785833
1326,450,76000,4100,10.0,0.26442262815785833
1327,450,77000,4100,10.0,0.26442262815785833
1328,450,78000,4100,10.0,0.26442262815785833
1329,450,79000,4100,10.0,0.25183107443605557
1330,450,11000,4300,10.160504815845444,2.505719190638753
1331,450,12000,4300,10.146314160212768,1.636901983834361
1332,450,13000,4300,10.13858812656066,1.3095215870674888
1333,450,14000,4300,10.132042252103055,1.1206482812404472
1334,450,15000,4300,10.125497887059689,0.9947327440224194
1335,450,16000,4300,10.118955031219542,0.9065918679698
1336,450,17000,4300,10.112413684371605,0.8310425456389833
1337,450,18000,4300,10.105873846304897,0.7806763307517722
1338,450,19000,4300,10.099335516808459,0.7303101158645611
1339,450,20000,4300,10.092798695671346,0.6925354546991528
1340,450,21000,4300,10.086263382682642,0.6673523472555472
1341,450,22000,4300,10.081258805221417,0.6295776860901389
1342,450,23000,4300,10.079561005924473,0.6043945786465333
1343,450,24000,4300,10.0778633054063,0.5918030249247306
1344,450,25000,4300,10.076165703663428,0.566619917481125
1345,450,26000,4300,10.074468200692388,0.5414368100375194
1346,450,27000,4300,10.072770796489719,0.5288452563157167
1347,450,28000,4300,10.071073491051955,0.5162537025939139
1348,450,29000,4300,10.069376284375627,0.5036621488721111
1349,450,30000,4300,10.06767917645727,0.4910705951503083
1350,450,31000,4300,10.06598216729342,0.47847904142850556
1351,450,32000,4300,10.064285256880607,0.46588748770670274
1352,450,33000,4300,10.062588445215368,0.4532959339849
1353,450,34000,4300,10.060891732294241,0.4407043802630972
1354,450,35000,4300,10.059195118113754,0.4407043802630972
1355,450,36000,4300,10.057498602670446,0.42811282654129446
1356,450,37000,4300,10.055802185960848,0.41552127281949164
1357,450,38000,4300,10.054105867981496,0.41552127281949164
1358,450,39000,4300,10.052409648728933,0.4029297190976889
1359,450,40000,4300,10.050713528199678,0.4029297190976889
1360,450,41000,4300,10.049017506390278,0.3903381653758861
1361,450,42000,4300,10.047321583297265,0.3903381653758861
1362,450,43000,4300,10.045625758917176,0.3777466116540833
1363,450,44000,4300,10.043930033246541,0.3777466116540833
1364,450,45000,4300,10.0422344062819,0.36515505793228054
1365,450,46000,4300,10.040538878019785,0.36515505793228054
1366,450,47000,4300,10.038843448456735,0.3525635042104778
1367,450,48000,4300,10.037148117589286,0.3525635042104778
1368,450,49000,4300,10.035452885413967,0.3525635042104778
1369,450,50000,4300,10.033757751927322,0.339971950488675
1370,450,51000,4300,10.032062717125882,0.339971950488675
1371,450,52000,4300,10.030367781006188,0.339971950488675
1372,450,53000,4300,10.028672943564768,0.3273803967668722
1373,450,54000,4300,10.026978204798167,0.3273803967668722
1374,450,55000,4300,10.025283564702912,0.3273803967668722
1375,450,56000,4300,10.023589023275548,0.31478884304506943
1376,450,57000,4300,10.021894580512607,0.31478884304506943
1377,450,58000,4300,10.020200236410629,0.31478884304506943
1378,450,59000,4300,10.018505990966142,0.31478884304506943
1379,450,60000,4300,10.01681184417569,0.30219728932326667
1380,450,61000,4300,10.01511779603581,0.30219728932326667
1381,450,62000,4300,10.013423846543034,0.30219728932326667
1382,450,63000,4300,10.011729995693907,0.30219728932326667
1383,450,64000,4300,10.010036243484958,0.28960573560146385
1384,450,65000,4300,10.008342589912726,0.28960573560146385
1385,450,66000,4300,10.006649034973748,0.28960573560146385
1386,450,67000,4300,10.004955578664566,0.28960573560146385
1387,450,68000,4300,10.003262220981712,0.28960573560146385
1388,450,69000,4300,10.001568961921725,0.2770141818796611
1389,450,70000,4300,10.0,0.2770141818796611
1390,450,71000,4300,10.0,0.2770141818796611
1391,450,72000,4300,10.0,0.2770141818796611
1392,450,73000,4300,10.0,0.2770141818796611
1393,450,74000,4300,10.0,0.26442262815785833
1394,450,75000,4300,10.0,0.26442262815785833
1395,450,76000,4300,10.0,0.26442262815785833
1396,450,77000,4300,10.0,0.26442262815785833
1397,450,78000,4300,10.0,0.26442262815785833
1398,450,79000,4300,10.0,0.26442262815785833
1399,450,12000,4500,10.144726696356082,2.4679445294733444
1400,450,13000,4500,10.137695925018166,1.6243104301125584
1401,450,14000,4500,10.13117352684219,1.2969300333456861
1402,450,15000,4500,10.124652631495074,1.1206482812404472
1403,450,16000,4500,10.118133238766783,0.9947327440224194
1404,450,17000,4500,10.111615348447309,0.9065918679698
1405,450,18000,4500,10.10509896032666,0.8310425456389833
1406,450,19000,4500,10.098584074194868,0.7806763307517722
1407,450,20000,4500,10.092070689841984,0.7303101158645611
1408,450,21000,4500,10.085558807058085,0.6925354546991528
1409,450,22000,4500,10.081002479442851,0.6673523472555472
1410,450,23000,4500,10.0793077856163,0.6295776860901389
1411,450,24000,4500,10.077613190350233,0.6043945786465333
1412,450,25000,4500,10.075918693641187,0.5792114712029277
1413,450,26000,4500,10.074224295485706,0.566619917481125
1414,450,27000,4500,10.072529995880334,0.5414368100375194
1415,450,28000,4500,10.07083579482161,0.5288452563157167
1416,450,29000,4500,10.06914169230608,0.5162537025939139
1417,450,30000,4500,10.06744768833028,0.5036621488721111
1418,450,31000,4500,10.06575378289076,0.4910705951503083
1419,450,32000,4500,10.064059975984057,0.47847904142850556
1420,450,33000,4500,10.062366267606716,0.46588748770670274
1421,450,34000,4500,10.060672657755278,0.4532959339849
1422,450,35000,4500,10.058979146426289,0.4407043802630972
1423,450,36000,4500,10.057285733616286,0.4407043802630972
1424,450,37000,4500,10.055592419321819,0.42811282654129446
1425,450,38000,4500,10.053899203539427,0.41552127281949164
1426,450,39000,4500,10.052206086265652,0.41552127281949164
1427,450,40000,4500,10.050513067497041,0.4029297190976889
1428,450,41000,4500,10.048820147230133,0.4029297190976889
1429,450,42000,4500,10.047127325461474,0.3903381653758861
1430,450,43000,4500,10.045434602187605,0.3777466116540833
1431,450,44000,4500,10.043741977405073,0.3777466116540833
1432,450,45000,4500,10.04204945111042,0.3777466116540833
1433,450,46000,4500,10.040357023300189,0.36515505793228054
1434,450,47000,4500,10.038664693970924,0.36515505793228054
1435,450,48000,4500,10.036972463119168,0.3525635042104778
1436,450,49000,4500,10.035280330741466,0.3525635042104778
1437,450,50000,4500,10.033588296834365,0.3525635042104778
1438,450,51000,4500,10.031896361394402,0.339971950488675
1439,450,52000,4500,10.030204524418128,0.339971950488675
1440,450,53000,4500,10.028512785902084,0.339971950488675
1441,450,54000,4500,10.026821145842815,0.3273803967668722
1442,450,55000,4500,10.025129604236865,0.3273803967668722
1443,450,56000,4500,10.02343816108078,0.3273803967668722
1444,450,57000,4500,10.021746816371103,0.31478884304506943
1445,450,58000,4500,10.020055570104377,0.31478884304506943
1446,450,59000,4500,10.01836442227715,0.31478884304506943
1447,450,60000,4500,10.016673372885968,0.31478884304506943
1448,450,61000,4500,10.014982421927373,0.30219728932326667
1449,450,62000,4500,10.013291569397913,0.30219728932326667
1450,450,63000,4500,10.011600815294129,0.30219728932326667
1451,450,64000,4500,10.009910159612566,0.30219728932326667
1452,450,65000,4500,10.008219602349774,0.28960573560146385
1453,450,66000,4500,10.006529143502298,0.28960573560146385
1454,450,67000,4500,10.004838783066681,0.28960573560146385
1455,450,68000,4500,10.003148521039467,0.28960573560146385
1456,450,69000,4500,10.001458357417206,0.28960573560146385
1457,450,70000,4500,10.0,0.2770141818796611
1458,450,71000,4500,10.0,0.2770141818796611
1459,450,72000,4500,10.0,0.2770141818796611
1460,450,73000,4500,10.0,0.2770141818796611
1461,450,74000,4500,10.0,0.2770141818796611
1462,450,75000,4500,10.0,0.26442262815785833
1463,450,76000,4500,10.0,0.26442262815785833
1464,450,77000,4500,10.0,0.26442262815785833
1465,450,78000,4500,10.0,0.26442262815785833
1466,450,79000,4500,10.0,0.26442262815785833
1467,450,13000,4700,10.136810772082152,2.505719190638753
1468,450,14000,4700,10.130311722142581,1.636901983834361
1469,450,15000,4700,10.123814168482609,1.2969300333456861
1470,450,16000,4700,10.117318110893194,1.1206482812404472
1471,450,17000,4700,10.110823549165312,0.9947327440224194
1472,450,18000,4700,10.104330483089962,0.9065918679698
1473,450,19000,4700,10.097838912458156,0.8310425456389833
1474,450,20000,4700,10.091348837060938,0.7806763307517722
1475,450,21000,4700,10.084860256689366,0.7303101158645611
1476,450,22000,4700,10.080747161151917,0.6925354546991528
1477,450,23000,4700,10.079055564216711,0.6673523472555472
1478,450,24000,4700,10.077364065624305,0.6295776860901389
1479,450,25000,4700,10.075672665371249,0.6043945786465333
1480,450,26000,4700,10.073981363454093,0.5792114712029277
1481,450,27000,4700,10.072290159869388,0.566619917481125
1482,450,28000,4700,10.07059905461368,0.5414368100375194
1483,450,29000,4700,10.068908047683527,0.5288452563157167
1484,450,30000,4700,10.067217139075474,0.5162537025939139
1485,450,31000,4700,10.065526328786072,0.5036621488721111
1486,450,32000,4700,10.063835616811872,0.4910705951503083
1487,450,33000,4700,10.062145003149427,0.47847904142850556
1488,450,34000,4700,10.060454487795285,0.46588748770670274
1489,450,35000,4700,10.058764070746,0.4532959339849
1490,450,36000,4700,10.05707375199812,0.4407043802630972
1491,450,37000,4700,10.055383531548197,0.4407043802630972
1492,450,38000,4700,10.053693409392782,0.42811282654129446
1493,450,39000,4700,10.052003385528428,0.41552127281949164
1494,450,40000,4700,10.050313459951683,0.41552127281949164
1495,450,41000,4700,10.048623632659105,0.4029297190976889
1496,450,42000,4700,10.046933903647236,0.4029297190976889
1497,450,43000,4700,10.045244272912637,0.3903381653758861
1498,450,44000,4700,10.043554740451851,0.3777466116540833
1499,450,45000,4700,10.041865306261439,0.3777466116540833
1500,450,46000,4700,10.040175970337945,0.3777466116540833
1501,450,47000,4700,10.038486732677924,0.36515505793228054
1502,450,48000,4700,10.03679759327793,0.36515505793228054
1503,450,49000,4700,10.03510855213451,0.3525635042104778
1504,450,50000,4700,10.033419609244222,0.3525635042104778
1505,450,51000,4700,10.031730764603614,0.3525635042104778
1506,450,52000,4700,10.030042018209242,0.339971950488675
1507,450,53000,4700,10.028353370057657,0.339971950488675
1508,450,54000,4700,10.026664820145408,0.339971950488675
1509,450,55000,4700,10.024976368469053,0.3273803967668722
1510,450,56000,4700,10.023288015025145,0.3273803967668722
1511,450,57000,4700,10.02159975981023,0.3273803967668722
1512,450,58000,4700,10.019911602820867,0.31478884304506943
1513,450,59000,4700,10.01822354405361,0.31478884304506943
1514,450,60000,4700,10.016535583505009,0.31478884304506943
1515,450,61000,4700,10.014847721171616,0.31478884304506943
1516,450,62000,4700,10.013159957049986,0.30219728932326667
1517,450,63000,4700,10.011472291136673,0.30219728932326667
1518,450,64000,4700,10.00978472342823,0.30219728932326667
1519,450,65000,4700,10.008097253921209,0.30219728932326667
1520,450,66000,4700,10.006409882612166,0.28960573560146385
1521,450,67000,4700,10.004722609497652,0.28960573560146385
1522,450,68000,4700,10.003035434574223,0.28960573560146385
1523,450,69000,4700,10.001348357838433,0.28960573560146385
1524,450,70000,4700,10.0,0.28960573560146385
1525,450,71000,4700,10.0,0.2770141818796611
1526,450,72000,4700,10.0,0.2770141818796611
1527,450,73000,4700,10.0,0.2770141818796611
1528,450,74000,4700,10.0,0.2770141818796611
1529,450,75000,4700,10.0,0.2770141818796611
1530,450,76000,4700,10.0,0.26442262815785833
1531,450,77000,4700,10.0,0.26442262815785833
1532,450,78000,4700,10.0,0.26442262815785833
1533,450,79000,4700,10.0,0.26442262815785833
1534,450,14000,4900,10.12945677792927,2.6190431741349776
1535,450,15000,4900,10.122982438790938,1.6620850912779666
1536,450,16000,4900,10.116509589210786,1.3221131407892917
1537,450,17000,4900,10.110038228980764,1.1206482812404472
1538,450,18000,4900,10.103568357892861,0.9947327440224194
1539,450,19000,4900,10.097099975739068,0.9065918679698
1540,450,20000,4900,10.09063308231141,0.8310425456389833
1541,450,21000,4900,10.084167677401926,0.7806763307517722
1542,450,22000,4900,10.080492845998533,0.7303101158645611
1543,450,23000,4900,10.07880433740416,0.6925354546991528
1544,450,24000,4900,10.077115926935509,0.6673523472555472
1545,450,25000,4900,10.075427614589138,0.6295776860901389
1546,450,26000,4900,10.073739400361605,0.6043945786465333
1547,450,27000,4900,10.072051284249467,0.5792114712029277
1548,450,28000,4900,10.07036326624928,0.566619917481125
1549,450,29000,4900,10.06867534635761,0.5414368100375194
1550,450,30000,4900,10.06698752457101,0.5288452563157167
1551,450,31000,4900,10.06529980088604,0.5162537025939139
1552,450,32000,4900,10.063612175299257,0.5036621488721111
1553,450,33000,4900,10.061924647807226,0.4910705951503083
1554,450,34000,4900,10.060237218406497,0.47847904142850556
1555,450,35000,4900,10.058549887093635,0.46588748770670274
1556,450,36000,4900,10.056862653865203,0.4532959339849
1557,450,37000,4900,10.055175518717752,0.4407043802630972
1558,450,38000,4900,10.053488481647845,0.4407043802630972
1559,450,39000,4900,10.051801542652044,0.42811282654129446
1560,450,40000,4900,10.050114701726901,0.41552127281949164
1561,450,41000,4900,10.048427958868984,0.41552127281949164
1562,450,42000,4900,10.046741314074849,0.4029297190976889
1563,450,43000,4900,10.045054767341057,0.4029297190976889
1564,450,44000,4900,10.043368318664166,0.3903381653758861
1565,450,45000,4900,10.041681968040736,0.3903381653758861
1566,450,46000,4900,10.03999571546733,0.3777466116540833
1567,450,47000,4900,10.038309560940503,0.3777466116540833
1568,450,48000,4900,10.03662350445682,0.36515505793228054
1569,450,49000,4900,10.034937546012841,0.36515505793228054
1570,450,50000,4900,10.033251685605125,0.3525635042104778
1571,450,51000,4900,10.031565923230232,0.3525635042104778
1572,450,52000,4900,10.029880258884724,0.3525635042104778
1573,450,53000,4900,10.02819469256516,0.339971950488675
1574,450,54000,4900,10.026509224268102,0.339971950488675
1575,450,55000,4900,10.024823853990112,0.339971950488675
1576,450,56000,4900,10.023138581727745,0.3273803967668722
1577,450,57000,4900,10.021453407477571,0.3273803967668722
1578,450,58000,4900,10.019768331236143,0.3273803967668722
1579,450,59000,4900,10.01808335300003,0.31478884304506943
1580,450,60000,4900,10.016398472765786,0.31478884304506943
1581,450,61000,4900,10.014713690529977,0.31478884304506943
1582,450,62000,4900,10.01302900628916,0.31478884304506943
1583,450,63000,4900,10.011344420039903,0.30219728932326667
1584,450,64000,4900,10.009659931778762,0.30219728932326667
1585,450,65000,4900,10.0079755415023,0.30219728932326667
1586,450,66000,4900,10.00629124920708,0.30219728932326667
1587,450,67000,4900,10.004607054889666,0.28960573560146385
1588,450,68000,4900,10.002922958546616,0.28960573560146385
1589,450,69000,4900,10.00123896017449,0.28960573560146385
1590,450,70000,4900,10.0,0.28960573560146385
1591,450,71000,4900,10.0,0.28960573560146385
1592,450,72000,4900,10.0,0.2770141818796611
1593,450,73000,4900,10.0,0.2770141818796611
1594,450,74000,4900,10.0,0.2770141818796611
1595,450,75000,4900,10.0,0.2770141818796611
1596,450,76000,4900,10.0,0.2770141818796611
1597,450,77000,4900,10.0,0.26442262815785833
1598,450,78000,4900,10.0,0.26442262815785833
1599,450,79000,4900,10.0,0.26442262815785833
1600,450,15000,5100,10.122157383730801,2.8708742485710332
1601,450,16000,5100,10.11570761586746,1.7124513061651778
1602,450,17000,5100,10.109259330878515,1.3472962482328972
1603,450,18000,5100,10.102812528556925,1.1458313886840528
1604,450,19000,5100,10.096367208695662,1.0073242977442223
1605,450,20000,5100,10.089923371087721,0.9191834216916027
1606,450,21000,5100,10.083481015526123,0.843634099360786
1607,450,22000,5100,10.080239529652431,0.7806763307517722
1608,450,23000,5100,10.078554100876815,0.7429016695863638
1609,450,24000,5100,10.076868770010442,0.7051270084209555
1610,450,25000,5100,10.07518353704988,0.6673523472555472
1611,450,26000,5100,10.073498401991689,0.6421692398119416
1612,450,27000,5100,10.071813364832442,0.6043945786465333
1613,450,28000,5100,10.070128425568704,0.5918030249247306
1614,450,29000,5100,10.06844358419704,0.566619917481125
1615,450,30000,5100,10.06675884071402,0.5540283637593222
1616,450,31000,5100,10.065074195116209,0.5288452563157167
1617,450,32000,5100,10.063389647400173,0.5162537025939139
1618,450,33000,5100,10.06170519756248,0.5036621488721111
1619,450,34000,5100,10.060020845599697,0.4910705951503083
1620,450,35000,5100,10.058336591508393,0.47847904142850556
1621,450,36000,5100,10.056652435285132,0.46588748770670274
1622,450,37000,5100,10.054968376926487,0.4532959339849
1623,450,38000,5100,10.053284416429019,0.4407043802630972
1624,450,39000,5100,10.051600553789301,0.4407043802630972
1625,450,40000,5100,10.049916789003897,0.42811282654129446
1626,450,41000,5100,10.048233122069377,0.41552127281949164
1627,450,42000,5100,10.046549552982306,0.41552127281949164
1628,450,43000,5100,10.044866081739256,0.4029297190976889
1629,450,44000,5100,10.043182708336793,0.4029297190976889
1630,450,45000,5100,10.041499432771484,0.3903381653758861
1631,450,46000,5100,10.039816255039899,0.3903381653758861
1632,450,47000,5100,10.038133175138606,0.3777466116540833
1633,450,48000,5100,10.036450193064173,0.3777466116540833
1634,450,49000,5100,10.03476730881317,0.36515505793228054
1635,450,50000,5100,10.03308452238216,0.36515505793228054
1636,450,51000,5100,10.031401833767719,0.3525635042104778
1637,450,52000,5100,10.029719242966413,0.3525635042104778
1638,450,53000,5100,10.02803674997481,0.3525635042104778
1639,450,54000,5100,10.026354354789477,0.339971950488675
1640,450,55000,5100,10.024672057406988,0.339971950488675
1641,450,56000,5100,10.022989857823909,0.339971950488675
1642,450,57000,5100,10.02130775603681,0.3273803967668722
1643,450,58000,5100,10.01962575204226,0.3273803967668722
1644,450,59000,5100,10.017943845836825,0.3273803967668722
1645,450,60000,5100,10.01626203741708,0.31478884304506943
1646,450,61000,5100,10.014580326779594,0.31478884304506943
1647,450,62000,5100,10.012898713920931,0.31478884304506943
1648,450,63000,5100,10.011217198837667,0.31478884304506943
1649,450,64000,5100,10.00953578152637,0.30219728932326667
1650,450,65000,5100,10.007854461983605,0.30219728932326667
1651,450,66000,5100,10.00617324020595,0.30219728932326667
1652,450,67000,5100,10.004492116189969,0.30219728932326667
1653,450,68000,5100,10.002811089932235,0.28960573560146385
1654,450,69000,5100,10.001130161429316,0.28960573560146385
1655,450,70000,5100,10.0,0.28960573560146385
1656,450,71000,5100,10.0,0.28960573560146385
1657,450,72000,5100,10.0,0.28960573560146385
1658,450,73000,5100,10.0,0.2770141818796611
1659,450,74000,5100,10.0,0.2770141818796611
1660,450,75000,5100,10.0,0.2770141818796611
1661,450,76000,5100,10.0,0.2770141818796611
1662,450,77000,5100,10.0,0.2770141818796611
1663,450,78000,5100,10.0,0.26442262815785833
1664,450,79000,5100,10.0,0.26442262815785833
1665,450,16000,5300,10.11491213354195,3.374536397443144
1666,450,17000,5300,10.108486798368086,1.8131837359396
1667,450,18000,5300,10.102062939422243,1.3850709093983056
1668,450,19000,5300,10.095640556498369,1.1584229424058554
1669,450,20000,5300,10.089219649390428,1.019915851466025
1670,450,21000,5300,10.082800217892412,0.9317749754134055
1671,450,22000,5300,10.07998720780307,0.8562256530825889
1672,450,23000,5300,10.078304850352456,0.793267884473575
1673,450,24000,5300,10.076622590595207,0.7429016695863638
1674,450,25000,5300,10.074940428527896,0.7051270084209555
1675,450,26000,5300,10.073258364147096,0.6673523472555472
1676,450,27000,5300,10.071576397449382,0.6421692398119416
1677,450,28000,5300,10.06989452843133,0.6169861323683361
1678,450,29000,5300,10.068212757089515,0.5918030249247306
1679,450,30000,5300,10.066531083420514,0.566619917481125
1680,450,31000,5300,10.064849507420899,0.5540283637593222
1681,450,32000,5300,10.063168029087246,0.5288452563157167
1682,450,33000,5300,10.06148664841613,0.5162537025939139
1683,450,34000,5300,10.059805365404126,0.5036621488721111
1684,450,35000,5300,10.05812418004781,0.4910705951503083
1685,450,36000,5300,10.056443092343759,0.47847904142850556
1686,450,37000,5300,10.054762102288546,0.46588748770670274
1687,450,38000,5300,10.053081209878748,0.4532959339849
1688,450,39000,5300,10.05140041511094,0.4407043802630972
1689,450,40000,5300,10.049719717981702,0.4407043802630972
1690,450,41000,5300,10.048039118487601,0.42811282654129446
1691,450,42000,5300,10.046358616625222,0.41552127281949164
1692,450,43000,5300,10.044678212391135,0.41552127281949164
1693,450,44000,5300,10.04299790578192,0.4029297190976889
1694,450,45000,5300,10.041317696794154,0.4029297190976889
1695,450,46000,5300,10.039637585424408,0.3903381653758861
1696,450,47000,5300,10.037957571669262,0.3903381653758861
1697,450,48000,5300,10.036277655525295,0.3777466116540833
1698,450,49000,5300,10.034597836989077,0.3777466116540833
1699,450,50000,5300,10.032918116057193,0.36515505793228054
1700,450,51000,5300,10.031238492726212,0.36515505793228054
1701,450,52000,5300,10.029558966992717,0.3525635042104778
1702,450,53000,5300,10.027879538853279,0.3525635042104778
1703,450,54000,5300,10.02620020830448,0.3525635042104778
1704,450,55000,5300,10.024520975342897,0.339971950488675
1705,450,56000,5300,10.022841839965103,0.339971950488675
1706,450,57000,5300,10.021162802167678,0.339971950488675
1707,450,58000,5300,10.0194838619472,0.3273803967668722
1708,450,59000,5300,10.017805019300248,0.3273803967668722
1709,450,60000,5300,10.016126274223396,0.3273803967668722
1710,450,61000,5300,10.014447626713222,0.31478884304506943
1711,450,62000,5300,10.012769076766306,0.31478884304506943
1712,450,63000,5300,10.011090624379225,0.31478884304506943
1713,450,64000,5300,10.009412269548555,0.31478884304506943
1714,450,65000,5300,10.007734012270875,0.30219728932326667
1715,450,66000,5300,10.006055852542765,0.30219728932326667
1716,450,67000,5300,10.004377790360804,0.30219728932326667
1717,450,68000,5300,10.002699825721564,0.30219728932326667
1718,450,69000,5300,10.001021958621628,0.28960573560146385
1719,450,70000,5300,10.0,0.28960573560146385
1720,450,71000,5300,10.0,0.28960573560146385
1721,450,72000,5300,10.0,0.28960573560146385
1722,450,73000,5300,10.0,0.28960573560146385
1723,450,74000,5300,10.0,0.2770141818796611
1724,450,75000,5300,10.0,0.2770141818796611
1725,450,76000,5300,10.0,0.2770141818796611
1726,450,77000,5300,10.0,0.2770141818796611
1727,450,78000,5300,10.0,0.2770141818796611
1728,450,79000,5300,10.0,0.26442262815785833
1729,450,17000,5500,10.10772057547869,4.797381968006858
1730,450,18000,5500,10.101319535342503,1.9516908268794304
1731,450,19000,5500,10.094919964825127,1.4480286780073195
1732,450,20000,5500,10.088521863721493,1.1961976035712638
1733,450,21000,5500,10.082125231826556,1.0450989589096304
1734,450,22000,5500,10.07973587615953,0.9443665291352084
1735,450,23000,5500,10.078056581568386,0.8688172068043917
1736,450,24000,5500,10.076377384455323,0.8058594381953778
1737,450,25000,5500,10.074698284816925,0.7554932233081666
1738,450,26000,5500,10.073019282649774,0.7051270084209555
1739,450,27000,5500,10.07134037795045,0.67994390097735
1740,450,28000,5500,10.069661570715542,0.6421692398119416
1741,450,29000,5500,10.067982860941628,0.6169861323683361
1742,450,30000,5500,10.06630424862529,0.5918030249247306
1743,450,31000,5500,10.064625733763117,0.566619917481125
1744,450,32000,5500,10.062947316351686,0.5540283637593222
1745,450,33000,5500,10.061268996387584,0.5414368100375194
1746,450,34000,5500,10.059590773867395,0.5162537025939139
1747,450,35000,5500,10.057912648787699,0.5036621488721111
1748,450,36000,5500,10.056234621145084,0.4910705951503083
1749,450,37000,5500,10.05455669093613,0.47847904142850556
1750,450,38000,5500,10.052878858157422,0.46588748770670274
1751,450,39000,5500,10.051201122805546,0.4532959339849
1752,450,40000,5500,10.049523484877085,0.4532959339849
1753,450,41000,5500,10.04784594436862,0.4407043802630972
1754,450,42000,5500,10.046168501276739,0.42811282654129446
1755,450,43000,5500,10.044491155598022,0.41552127281949164
1756,450,44000,5500,10.042813907329057,0.41552127281949164
1757,450,45000,5500,10.041136756466429,0.4029297190976889
1758,450,46000,5500,10.03945970300672,0.4029297190976889
1759,450,47000,5500,10.037782746946515,0.3903381653758861
1760,450,48000,5500,10.036105888282398,0.3903381653758861
1761,450,49000,5500,10.03442912701096,0.3777466116540833
1762,450,50000,5500,10.032752463128773,0.3777466116540833
1763,450,51000,5500,10.031075896632435,0.36515505793228054
1764,450,52000,5500,10.029399427518523,0.36515505793228054
1765,450,53000,5500,10.027723055783623,0.3525635042104778
1766,450,54000,5500,10.026046781424325,0.3525635042104778
1767,450,55000,5500,10.024370604437209,0.3525635042104778
1768,450,56000,5500,10.022694524818863,0.339971950488675
1769,450,57000,5500,10.021018542565871,0.339971950488675
1770,450,58000,5500,10.019342657674821,0.339971950488675
1771,450,59000,5500,10.017666870142294,0.3273803967668722
1772,450,60000,5500,10.01599117996488,0.3273803967668722
1773,450,61000,5500,10.014315587139162,0.3273803967668722
1774,450,62000,5500,10.01264009166173,0.31478884304506943
1775,450,63000,5500,10.010964693529166,0.31478884304506943
1776,450,64000,5500,10.009289392738054,0.31478884304506943
1777,450,65000,5500,10.007614189284988,0.31478884304506943
1778,450,66000,5500,10.005939083166545,0.30219728932326667
1779,450,67000,5500,10.004264074379318,0.30219728932326667
1780,450,68000,5500,10.002589162919891,0.30219728932326667
1781,450,69000,5500,10.00091434878485,0.30219728932326667
1782,450,70000,5500,10.0,0.28960573560146385
1783,450,71000,5500,10.0,0.28960573560146385
1784,450,72000,5500,10.0,0.28960573560146385
1785,450,73000,5500,10.0,0.28960573560146385
1786,450,74000,5500,10.0,0.28960573560146385
1787,450,75000,5500,10.0,0.2770141818796611
1788,450,76000,5500,10.0,0.2770141818796611
1789,450,77000,5500,10.0,0.2770141818796611
1790,450,78000,5500,10.0,0.2770141818796611
1791,450,79000,5500,10.0,0.2770141818796611
1792,450,19000,5700,10.094205379856536,2.1783387938718803
1793,450,20000,5700,10.087829961079493,1.523578000338136
1794,450,21000,5700,10.08145600514489,1.2465638184584749
1795,450,22000,5700,10.079485530450423,1.0828736200750388
1796,450,23000,5700,10.077809290281333,0.9695496365788139
1797,450,24000,5700,10.076133147375637,0.8814087605261944
1798,450,25000,5700,10.07445710172993,0.8184509919171805
1799,450,26000,5700,10.072781153340797,0.7680847770299695
1800,450,27000,5700,10.07110530220483,0.7177185621427583
1801,450,28000,5700,10.06942954831862,0.67994390097735
1802,450,29000,5700,10.067753891678763,0.6547607935337444
1803,450,30000,5700,10.066078332281842,0.6295776860901389
1804,450,31000,5700,10.064402870124452,0.6043945786465333
1805,450,32000,5700,10.062727505203188,0.5792114712029277
1806,450,33000,5700,10.061052237514636,0.5540283637593222
1807,450,34000,5700,10.059377067055388,0.5414368100375194
1808,450,35000,5700,10.057701993822041,0.5288452563157167
1809,450,36000,5700,10.056027017811182,0.5036621488721111
1810,450,37000,5700,10.054352139019404,0.4910705951503083
1811,450,38000,5700,10.052677357443297,0.47847904142850556
1812,450,39000,5700,10.05100267307946,0.46588748770670274
1813,450,40000,5700,10.04932808592447,0.46588748770670274
1814,450,41000,5700,10.04765359597494,0.4532959339849
1815,450,42000,5700,10.045979203227445,0.4407043802630972
1816,450,43000,5700,10.044304907678585,0.42811282654129446
1817,450,44000,5700,10.042630709324952,0.42811282654129446
1818,450,45000,5700,10.040956608163135,0.41552127281949164
1819,450,46000,5700,10.03928260418973,0.4029297190976889
1820,450,47000,5700,10.037608697401328,0.4029297190976889
1821,450,48000,5700,10.035934887794523,0.3903381653758861
1822,450,49000,5700,10.03426117536591,0.3903381653758861
1823,450,50000,5700,10.032587560112074,0.3777466116540833
1824,450,51000,5700,10.030914042029616,0.3777466116540833
1825,450,52000,5700,10.029240621115127,0.36515505793228054
1826,450,53000,5700,10.027567297365197,0.36515505793228054
1827,450,54000,5700,10.025894070776424,0.36515505793228054
1828,450,55000,5700,10.024220941345396,0.3525635042104778
1829,450,56000,5700,10.022547909068711,0.3525635042104778
1830,450,57000,5700,10.020874973942961,0.339971950488675
1831,450,58000,5700,10.01920213596474,0.339971950488675
1832,450,59000,5700,10.01752939513064,0.339971950488675
1833,450,60000,5700,10.015856751437257,0.3273803967668722
1834,450,61000,5700,10.014184204881184,0.3273803967668722
1835,450,62000,5700,10.012511755459014,0.3273803967668722
1836,450,63000,5700,10.010839403167342,0.3273803967668722
1837,450,64000,5700,10.009167148002764,0.31478884304506943
1838,450,65000,5700,10.007494989961868,0.31478884304506943
1839,450,66000,5700,10.005822929041257,0.31478884304506943
1840,450,67000,5700,10.004150965237516,0.30219728932326667
1841,450,68000,5700,10.002479098547246,0.30219728932326667
1842,450,69000,5700,10.000807328967039,0.30219728932326667
1843,450,70000,5700,10.0,0.30219728932326667
1844,450,71000,5700,10.0,0.28960573560146385
1845,450,72000,5700,10.0,0.28960573560146385
1846,450,73000,5700,10.0,0.28960573560146385
1847,450,74000,5700,10.0,0.28960573560146385
1848,450,75000,5700,10.0,0.28960573560146385
1849,450,76000,5700,10.0,0.2770141818796611
1850,450,77000,5700,10.0,0.2770141818796611
1851,450,78000,5700,10.0,0.2770141818796611
1852,450,79000,5700,10.0,0.2770141818796611
1853,450,20000,5900,10.087143888954888,2.606451620413175
1854,450,21000,5900,10.080909457632947,1.649493537556164
1855,450,22000,5900,10.079236166423808,1.3095215870674888
1856,450,23000,5900,10.077562972267373,1.1206482812404472
1857,450,24000,5900,10.075889875160238,0.9947327440224194
1858,450,25000,5900,10.074216875099,0.9065918679698
1859,450,26000,5900,10.072543972080263,0.8310425456389833
1860,450,27000,5900,10.070871166100622,0.7806763307517722
1861,450,28000,5900,10.069198457156679,0.7303101158645611
1862,450,29000,5900,10.06752584524503,0.6925354546991528
1863,450,30000,5900,10.065853330362275,0.6547607935337444
1864,450,31000,5900,10.064180912505016,0.6295776860901389
1865,450,32000,5900,10.062508591669852,0.6043945786465333
1866,450,33000,5900,10.060836367853382,0.5792114712029277
1867,450,34000,5900,10.059164241052201,0.566619917481125
1868,450,35000,5900,10.057492211262915,0.5414368100375194
1869,450,36000,5900,10.055820278482122,0.5288452563157167
1870,450,37000,5900,10.054148442706419,0.5162537025939139
1871,450,38000,5900,10.05247670393241,0.5036621488721111
1872,450,39000,5900,10.050805062156694,0.4910705951503083
1873,450,40000,5900,10.049133517375868,0.47847904142850556
1874,450,41000,5900,10.047462069586535,0.46588748770670274
1875,450,42000,5900,10.045790718785298,0.4532959339849
1876,450,43000,5900,10.044119464968754,0.4407043802630972
1877,450,44000,5900,10.0424483081335,0.42811282654129446
1878,450,45000,5900,10.040777248276143,0.42811282654129446
1879,450,46000,5900,10.039106285393279,0.41552127281949164
1880,450,47000,5900,10.037435419481515,0.41552127281949164
1881,450,48000,5900,10.035764650537443,0.4029297190976889
1882,450,49000,5900,10.03409397855767,0.3903381653758861
1883,450,50000,5900,10.032423403538797,0.3903381653758861
1884,450,51000,5900,10.030752925477422,0.3777466116540833
1885,450,52000,5900,10.029082544370148,0.3777466116540833
1886,450,53000,5900,10.027412260213575,0.36515505793228054
1887,450,54000,5900,10.025742073004306,0.36515505793228054
1888,450,55000,5900,10.024071982738942,0.36515505793228054
1889,450,56000,5900,10.022401989414083,0.3525635042104778
1890,450,57000,5900,10.020732093026334,0.3525635042104778
1891,450,58000,5900,10.019062293572293,0.3525635042104778
1892,450,59000,5900,10.017392591048562,0.339971950488675
1893,450,60000,5900,10.015722985451745,0.339971950488675
1894,450,61000,5900,10.014053476778443,0.3273803967668722
1895,450,62000,5900,10.012384065025255,0.3273803967668722
1896,450,63000,5900,10.010714750188791,0.3273803967668722
1897,450,64000,5900,10.009045532265645,0.3273803967668722
1898,450,65000,5900,10.007376411252425,0.31478884304506943
1899,450,66000,5900,10.005707387145726,0.31478884304506943
1900,450,67000,5900,10.004038459942159,0.31478884304506943
1901,450,68000,5900,10.002369629638322,0.31478884304506943
1902,450,69000,5900,10.00070089623082,0.30219728932326667
1903,450,70000,5900,10.0,0.30219728932326667
1904,450,71000,5900,10.0,0.30219728932326667
1905,450,72000,5900,10.0,0.30219728932326667
1906,450,73000,5900,10.0,0.28960573560146385
1907,450,74000,5900,10.0,0.28960573560146385
1908,450,75000,5900,10.0,0.28960573560146385
1909,450,76000,5900,10.0,0.28960573560146385
1910,450,77000,5900,10.0,0.2770141818796611
1911,450,78000,5900,10.0,0.2770141818796611
1912,450,79000,5900,10.0,0.2770141818796611
1913,450,21000,6100,10.080658033211567,3.7019167942100166
1914,450,22000,6100,10.078987779847095,1.8509583971050083
1915,450,23000,6100,10.077317623321818,1.3976624631201082
1916,450,24000,6100,10.075647563632339,1.1710144961276583
1917,450,25000,6100,10.073977600775265,1.0325074051878278
1918,450,26000,6100,10.072307734747202,0.9317749754134055
1919,450,27000,6100,10.070637965544762,0.8562256530825889
1920,450,28000,6100,10.068968293164545,0.793267884473575
1921,450,29000,6100,10.067298717603164,0.7429016695863638
1922,450,30000,6100,10.065629238857223,0.7051270084209555
1923,450,31000,6100,10.063959856923331,0.6673523472555472
1924,450,32000,6100,10.062290571798096,0.6421692398119416
1925,450,33000,6100,10.060621383478122,0.6169861323683361
1926,450,34000,6100,10.058952291960022,0.5918030249247306
1927,450,35000,6100,10.057283297240401,0.566619917481125
1928,450,36000,6100,10.055614399315864,0.5540283637593222
1929,450,37000,6100,10.053945598183025,0.5288452563157167
1930,450,38000,6100,10.052276893838487,0.5162537025939139
1931,450,39000,6100,10.05060828627886,0.5036621488721111
1932,450,40000,6100,10.048939775500754,0.4910705951503083
1933,450,41000,6100,10.047271361500774,0.47847904142850556
1934,450,42000,6100,10.04560304427553,0.46588748770670274
1935,450,43000,6100,10.04393482382163,0.4532959339849
1936,450,44000,6100,10.042266700135684,0.4407043802630972
1937,450,45000,6100,10.040598673214298,0.4407043802630972
1938,450,46000,6100,10.038930743054081,0.42811282654129446
1939,450,47000,6100,10.037262909651645,0.41552127281949164
1940,450,48000,6100,10.035595173003594,0.41552127281949164
1941,450,49000,6100,10.033927533106542,0.4029297190976889
1942,450,50000,6100,10.032259989957094,0.4029297190976889
1943,450,51000,6100,10.030592543551863,0.3903381653758861
1944,450,52000,6100,10.028925193887453,0.3903381653758861
1945,450,53000,6100,10.027257940960478,0.3777466116540833
1946,450,54000,6100,10.025590784767545,0.3777466116540833
1947,450,55000,6100,10.023923725305265,0.36515505793228054
1948,450,56000,6100,10.022256762570244,0.36515505793228054
1949,450,57000,6100,10.020589896559096,0.3525635042104778
1950,450,58000,6100,10.01892312726843,0.3525635042104778
1951,450,59000,6100,10.017256454694854,0.3525635042104778
1952,450,60000,6100,10.015589878834977,0.339971950488675
1953,450,61000,6100,10.013923399685412,0.339971950488675
1954,450,62000,6100,10.012257017242765,0.339971950488675
1955,450,63000,6100,10.010590731503653,0.3273803967668722
1956,450,64000,6100,10.008924542464678,0.3273803967668722
1957,450,65000,6100,10.007258450122457,0.3273803967668722
1958,450,66000,6100,10.005592454473597,0.31478884304506943
1959,450,67000,6100,10.003926555514708,0.31478884304506943
1960,450,68000,6100,10.002260753242403,0.31478884304506943
1961,450,69000,6100,10.00059504765329,0.31478884304506943
1962,450,70000,6100,10.0,0.30219728932326667
1963,450,71000,6100,10.0,0.30219728932326667
1964,450,72000,6100,10.0,0.30219728932326667
1965,450,73000,6100,10.0,0.30219728932326667
1966,450,74000,6100,10.0,0.28960573560146385
1967,450,75000,6100,10.0,0.28960573560146385
1968,450,76000,6100,10.0,0.28960573560146385
1969,450,77000,6100,10.0,0.28960573560146385
1970,450,78000,6100,10.0,0.28960573560146385
1971,450,79000,6100,10.0,0.2770141818796611
1972,450,23000,6300,10.077073239259148,2.1783387938718803
1973,450,24000,6300,10.075406208634226,1.523578000338136
1974,450,25000,6300,10.073739274628805,1.2465638184584749
1975,450,26000,6300,10.072072437239502,1.070282066353236
1976,450,27000,6300,10.070405696462931,0.9569580828570111
1977,450,28000,6300,10.068739052295701,0.8814087605261944
1978,450,29000,6300,10.067072504734435,0.8184509919171805
1979,450,30000,6300,10.065406053775748,0.7554932233081666
1980,450,31000,6300,10.063739699416251,0.7177185621427583
1981,450,32000,6300,10.062073441652561,0.67994390097735
1982,450,33000,6300,10.060407280481295,0.6547607935337444
1983,450,34000,6300,10.05874121589907,0.6169861323683361
1984,450,35000,6300,10.057075247902496,0.5918030249247306
1985,450,36000,6300,10.055409376488196,0.5792114712029277
1986,450,37000,6300,10.053743601652783,0.5540283637593222
1987,450,38000,6300,10.052077923392872,0.5414368100375194
1988,450,39000,6300,10.050412341705078,0.5288452563157167
1989,450,40000,6300,10.048746856586021,0.5036621488721111
1990,450,41000,6300,10.047081468032314,0.4910705951503083
1991,450,42000,6300,10.045416176040575,0.47847904142850556
1992,450,43000,6300,10.043750980607422,0.46588748770670274
1993,450,44000,6300,10.042085881729468,0.4532959339849
1994,450,45000,6300,10.04042087940333,0.4532959339849
1995,450,46000,6300,10.03875597362563,0.4407043802630972
1996,450,47000,6300,10.037091164392978,0.42811282654129446
1997,450,48000,6300,10.035426451701996,0.42811282654129446
1998,450,49000,6300,10.033761835549294,0.41552127281949164
1999,450,50000,6300,10.032097315931496,0.4029297190976889
2000,450,51000,6300,10.030432892845218,0.4029297190976889
2001,450,52000,6300,10.028768566287075,0.3903381653758861
2002,450,53000,6300,10.027104336253688,0.3903381653758861
2003,450,54000,6300,10.025440202741668,0.3777466116540833
2004,450,55000,6300,10.02377616574764,0.3777466116540833
2005,450,56000,6300,10.022112225268216,0.36515505793228054
2006,450,57000,6300,10.020448381300016,0.36515505793228054
2007,450,58000,6300,10.018784633839656,0.36515505793228054
2008,450,59000,6300,10.017120982883757,0.3525635042104778
2009,450,60000,6300,10.015457428428933,0.3525635042104778
2010,450,61000,6300,10.013793970471806,0.339971950488675
2011,450,62000,6300,10.012130609008992,0.339971950488675
2012,450,63000,6300,10.010467344037107,0.339971950488675
2013,450,64000,6300,10.008804175552772,0.3273803967668722
2014,450,65000,6300,10.007141103552605,0.3273803967668722
2015,450,66000,6300,10.005478128033227,0.3273803967668722
2016,450,67000,6300,10.003815248991252,0.31478884304506943
2017,450,68000,6300,10.002152466423299,0.31478884304506943
2018,450,69000,6300,10.000489780325987,0.31478884304506943
2019,450,70000,6300,10.0,0.31478884304506943
2020,450,71000,6300,10.0,0.30219728932326667
2021,450,72000,6300,10.0,0.30219728932326667
2022,450,73000,6300,10.0,0.30219728932326667
2023,450,74000,6300,10.0,0.30219728932326667
2024,450,75000,6300,10.0,0.28960573560146385
2025,450,76000,6300,10.0,0.28960573560146385
2026,450,77000,6300,10.0,0.28960573560146385
2027,450,78000,6300,10.0,0.28960573560146385
2028,450,79000,6300,10.0,0.28960573560146385
2029,450,24000,6500,10.07516580602714,2.9212404634582443
2030,450,25000,6500,10.073501892548567,1.7250428598869805
2031,450,26000,6500,10.0718380754738,1.3347046945110943
2032,450,27000,6500,10.070174354799459,1.13323983496225
2033,450,28000,6500,10.068510730522176,1.0073242977442223
2034,450,29000,6500,10.066847202638566,0.9065918679698
2035,450,30000,6500,10.065183771145259,0.843634099360786
2036,450,31000,6500,10.063520436038875,0.7806763307517722
2037,450,32000,6500,10.061857197316035,0.7303101158645611
2038,450,33000,6500,10.060194054973369,0.6925354546991528
2039,450,34000,6500,10.058531009007497,0.6673523472555472
2040,450,35000,6500,10.056868059415041,0.6295776860901389
2041,450,36000,6500,10.05520520619263,0.6043945786465333
2042,450,37000,6500,10.05354244933688,0.5792114712029277
2043,450,38000,6500,10.051879788844426,0.566619917481125
2044,450,39000,6500,10.050217224711883,0.5414368100375194
2045,450,40000,6500,10.048554756935877,0.5288452563157167
2046,450,41000,6500,10.046892385513036,0.5162537025939139
2047,450,42000,6500,10.04523011043998,0.5036621488721111
2048,450,43000,6500,10.043567931713339,0.4910705951503083
2049,450,44000,6500,10.04190584932973,0.47847904142850556
2050,450,45000,6500,10.040243863285783,0.46588748770670274
2051,450,46000,6500,10.038581973578122,0.4532959339849
2052,450,47000,6500,10.03692018020337,0.4407043802630972
2053,450,48000,6500,10.035258483158154,0.42811282654129446
2054,450,49000,6500,10.033596882439099,0.42811282654129446
2055,450,50000,6500,10.031935378042824,0.41552127281949164
2056,450,51000,6500,10.030273969965965,0.41552127281949164
2057,450,52000,6500,10.028612658205141,0.4029297190976889
2058,450,53000,6500,10.026951442756976,0.3903381653758861
2059,450,54000,6500,10.025290323618096,0.3903381653758861
2060,450,55000,6500,10.023629300785128,0.3777466116540833
2061,450,56000,6500,10.021968374254698,0.3777466116540833
2062,450,57000,6500,10.02030754402343,0.3777466116540833
2063,450,58000,6500,10.01864681008795,0.36515505793228054
2064,450,59000,6500,10.016986172444886,0.36515505793228054
2065,450,60000,6500,10.015325631090866,0.3525635042104778
2066,450,61000,6500,10.013665186022507,0.3525635042104778
2067,450,62000,6500,10.012004837236441,0.3525635042104778
2068,450,63000,6500,10.010344584729294,0.339971950488675
2069,450,64000,6500,10.008684428497691,0.339971950488675
2070,450,65000,6500,10.00702436853826,0.339971950488675
2071,450,66000,6500,10.00536440484763,0.3273803967668722
2072,450,67000,6500,10.003704537422418,0.3273803967668722
2073,450,68000,6500,10.00204476625926,0.3273803967668722
2074,450,69000,6500,10.000385091354778,0.31478884304506943
2075,450,70000,6500,10.0,0.31478884304506943
2076,450,71000,6500,10.0,0.31478884304506943
2077,450,72000,6500,10.0,0.31478884304506943
2078,450,73000,6500,10.0,0.30219728932326667
2079,450,74000,6500,10.0,0.30219728932326667
2080,450,75000,6500,10.0,0.30219728932326667
2081,450,76000,6500,10.0,0.30219728932326667
2082,450,77000,6500,10.0,0.28960573560146385
2083,450,78000,6500,10.0,0.28960573560146385
2084,450,79000,6500,10.0,0.28960573560146385
2085,450,25000,6700,10.073265450442252,6.283185307179586
2086,450,26000,6700,10.071604645385396,2.0650148103756556
2087,450,27000,6700,10.069943936517252,1.4858033391727277
2088,450,28000,6700,10.068283323834454,1.2213807110148693
2089,450,29000,6700,10.066622807333635,1.0576905126314333
2090,450,30000,6700,10.064962387011425,0.9443665291352084
2091,450,31000,6700,10.063302062864455,0.8688172068043917
2092,450,32000,6700,10.061641834889356,0.8058594381953778
2093,450,33000,6700,10.059981703082762,0.7554932233081666
2094,450,34000,6700,10.058321667441302,0.7177185621427583
2095,450,35000,6700,10.056661727961611,0.67994390097735
2096,450,36000,6700,10.055001884640317,0.6421692398119416
2097,450,37000,6700,10.053342137474054,0.6169861323683361
2098,450,38000,6700,10.051682486459454,0.5918030249247306
2099,450,39000,6700,10.050022931593146,0.566619917481125
2100,450,40000,6700,10.048363472871769,0.5540283637593222
2101,450,41000,6700,10.04670411029195,0.5414368100375194
2102,450,42000,6700,10.04504484385032,0.5162537025939139
2103,450,43000,6700,10.043385673543519,0.5036621488721111
2104,450,44000,6700,10.041726599368173,0.4910705951503083
2105,450,45000,6700,10.040067621320915,0.47847904142850556
2106,450,46000,6700,10.038408739398378,0.46588748770670274
2107,450,47000,6700,10.036749953597198,0.4532959339849
2108,450,48000,6700,10.035091263914008,0.4532959339849
2109,450,49000,6700,10.033432670345434,0.4407043802630972
2110,450,50000,6700,10.031774172888115,0.42811282654129446
2111,450,51000,6700,10.030115771538684,0.41552127281949164
2112,450,52000,6700,10.02845746629377,0.41552127281949164
2113,450,53000,6700,10.026799257150012,0.4029297190976889
2114,450,54000,6700,10.02514114410404,0.4029297190976889
2115,450,55000,6700,10.023483127152486,0.3903381653758861
2116,450,56000,6700,10.02182520629199,0.3903381653758861
2117,450,57000,6700,10.020167381519178,0.3777466116540833
2118,450,58000,6700,10.018509652830689,0.3777466116540833
2119,450,59000,6700,10.016852020223151,0.36515505793228054
2120,450,60000,6700,10.015194483693206,0.36515505793228054
2121,450,61000,6700,10.01353704323748,0.3525635042104778
2122,450,62000,6700,10.011879698852614,0.3525635042104778
2123,450,63000,6700,10.010222450535238,0.3525635042104778
2124,450,64000,6700,10.008565298281985,0.339971950488675
2125,450,65000,6700,10.00690824208949,0.339971950488675
2126,450,66000,6700,10.005251281954394,0.339971950488675
2127,450,67000,6700,10.003594417873321,0.3273803967668722
2128,450,68000,6700,10.001937649842914,0.3273803967668722
2129,450,69000,6700,10.000280977859806,0.3273803967668722
2130,450,70000,6700,10.0,0.31478884304506943
2131,450,71000,6700,10.0,0.31478884304506943
2132,450,72000,6700,10.0,0.31478884304506943
2133,450,73000,6700,10.0,0.31478884304506943
2134,450,74000,6700,10.0,0.30219728932326667
2135,450,75000,6700,10.0,0.30219728932326667
2136,450,76000,6700,10.0,0.30219728932326667
2137,450,77000,6700,10.0,0.30219728932326667
2138,450,78000,6700,10.0,0.28960573560146385
2139,450,79000,6700,10.0,0.28960573560146385
2140,450,27000,6900,10.069714437597689,2.8582826948492306
2141,450,28000,6900,10.068056828241415,1.7124513061651778
2142,450,29000,6900,10.066399314856005,1.3347046945110943
2143,450,30000,6900,10.064741897438093,1.13323983496225
2144,450,31000,6900,10.063084575984325,1.0073242977442223
2145,450,32000,6900,10.061427350491337,0.9065918679698
2146,450,33000,6900,10.059770220955768,0.8310425456389833
2147,450,34000,6900,10.05811318737426,0.7806763307517722
2148,450,35000,6900,10.05645624974345,0.7303101158645611
2149,450,36000,6900,10.054799408059981,0.6925354546991528
2150,450,37000,6900,10.053142662320493,0.6547607935337444
2151,450,38000,6900,10.05148601252162,0.6295776860901389
2152,450,39000,6900,10.049829458660009,0.6043945786465333
2153,450,40000,6900,10.048173000732298,0.5792114712029277
2154,450,41000,6900,10.046516638735124,0.566619917481125
2155,450,42000,6900,10.044860372665132,0.5414368100375194
2156,450,43000,6900,10.04320420251896,0.5288452563157167
2157,450,44000,6900,10.041548128293249,0.5162537025939139
2158,450,45000,6900,10.039892149984638,0.5036621488721111
2159,450,46000,6900,10.03823626758977,0.4910705951503083
2160,450,47000,6900,10.036580481105286,0.47847904142850556
2161,450,48000,6900,10.034924790527825,0.46588748770670274
2162,450,49000,6900,10.03326919585403,0.4532959339849
2163,450,50000,6900,10.03161369708054,0.4407043802630972
2164,450,51000,6900,10.029958294203995,0.42811282654129446
2165,450,52000,6900,10.028302987221037,0.42811282654129446
2166,450,53000,6900,10.026647776128312,0.41552127281949164
2167,450,54000,6900,10.024992660922454,0.41552127281949164
2168,450,55000,6900,10.02333764160011,0.4029297190976889
2169,450,56000,6900,10.021682718157917,0.3903381653758861
2170,450,57000,6900,10.020027890592521,0.3903381653758861
2171,450,58000,6900,10.018373158900562,0.3777466116540833
2172,450,59000,6900,10.01671852307868,0.3777466116540833
2173,450,60000,6900,10.015063983123518,0.36515505793228054
2174,450,61000,6900,10.01340953903172,0.36515505793228054
2175,450,62000,6900,10.011755190799924,0.36515505793228054
2176,450,63000,6900,10.010100938424774,0.3525635042104778
2177,450,64000,6900,10.008446781902917,0.3525635042104778
2178,450,65000,6900,10.006792721230987,0.339971950488675
2179,450,66000,6900,10.005138756405628,0.339971950488675
2180,450,67000,6900,10.003484887423488,0.339971950488675
2181,450,68000,6900,10.001831114281204,0.3273803967668722
2182,450,69000,6900,10.000177436975422,0.3273803967668722
2183,450,70000,6900,10.0,0.3273803967668722
2184,450,71000,6900,10.0,0.3273803967668722
2185,450,72000,6900,10.0,0.31478884304506943
2186,450,73000,6900,10.0,0.31478884304506943
2187,450,74000,6900,10.0,0.31478884304506943
2188,450,75000,6900,10.0,0.30219728932326667
2189,450,76000,6900,10.0,0.30219728932326667
2190,450,77000,6900,10.0,0.30219728932326667
2191,450,78000,6900,10.0,0.30219728932326667
2192,450,79000,6900,10.0,0.30219728932326667
2193,450,29000,7100,10.066176721260213,2.1279725789846693
2194,450,30000,7100,10.06452229850719,1.5109864466163332
2195,450,31000,7100,10.062867971507794,1.2339722647366722
2196,450,32000,7100,10.061213740258667,1.070282066353236
2197,450,33000,7100,10.059559604756457,0.9569580828570111
2198,450,34000,7100,10.057905564997816,0.8688172068043917
2199,450,35000,7100,10.056251620979388,0.8058594381953778
2200,450,36000,7100,10.054597772697822,0.7554932233081666
2201,450,37000,7100,10.052944020149766,0.7177185621427583
2202,450,38000,7100,10.051290363331868,0.67994390097735
2203,450,39000,7100,10.049636802240773,0.6421692398119416
2204,450,40000,7100,10.047983336873132,0.6169861323683361
2205,450,41000,7100,10.046329967225594,0.5918030249247306
2206,450,42000,7100,10.044676693294807,0.5792114712029277
2207,450,43000,7100,10.043023515077417,0.5540283637593222
2208,450,44000,7100,10.041370432570075,0.5414368100375194
2209,450,45000,7100,10.039717445769428,0.5162537025939139
2210,450,46000,7100,10.038064554672125,0.5036621488721111
2211,450,47000,7100,10.036411759274813,0.4910705951503083
2212,450,48000,7100,10.034759059574144,0.47847904142850556
2213,450,49000,7100,10.033106455566765,0.46588748770670274
2214,450,50000,7100,10.031453947249327,0.4532959339849
2215,450,51000,7100,10.029801534618475,0.4532959339849
2216,450,52000,7100,10.028149217670858,0.4407043802630972
2217,450,53000,7100,10.02649699640313,0.42811282654129446
2218,450,54000,7100,10.02484487081194,0.41552127281949164
2219,450,55000,7100,10.023192840893932,0.41552127281949164
2220,450,56000,7100,10.02154090664576,0.4029297190976889
2221,450,57000,7100,10.019889068064069,0.4029297190976889
2222,450,58000,7100,10.018237325145517,0.3903381653758861
2223,450,59000,7100,10.016585677886745,0.3903381653758861
2224,450,60000,7100,10.014934126284405,0.3777466116540833
2225,450,61000,7100,10.013282670335153,0.3777466116540833
2226,450,62000,7100,10.011631310035629,0.36515505793228054
2227,450,63000,7100,10.00998004538249,0.36515505793228054
2228,450,64000,7100,10.008328876372383,0.3525635042104778
2229,450,65000,7100,10.006677803001962,0.3525635042104778
2230,450,66000,7100,10.005026825267873,0.3525635042104778
2231,450,67000,7100,10.003375943166766,0.339971950488675
2232,450,68000,7100,10.001725156695295,0.339971950488675
2233,450,69000,7100,10.000074465850108,0.339971950488675
2234,450,70000,7100,10.0,0.3273803967668722
2235,450,71000,7100,10.0,0.3273803967668722
2236,450,72000,7100,10.0,0.3273803967668722
2237,450,73000,7100,10.0,0.31478884304506943
2238,450,74000,7100,10.0,0.31478884304506943
2239,450,75000,7100,10.0,0.31478884304506943
2240,450,76000,7100,10.0,0.31478884304506943
2241,450,77000,7100,10.0,0.30219728932326667
2242,450,78000,7100,10.0,0.30219728932326667
2243,450,79000,7100,10.0,0.30219728932326667
2244,450,30000,7300,10.064303586318651,3.374536397443144
2245,450,31000,7300,10.062652245562072,1.8005921822177973
2246,450,32000,7300,10.061001000345838,1.3724793556765027
2247,450,33000,7300,10.059349850666603,1.1584229424058554
2248,450,34000,7300,10.057698796521017,1.019915851466025
2249,450,35000,7300,10.05604783790574,0.9191834216916027
2250,450,36000,7300,10.054396974817429,0.843634099360786
2251,450,37000,7300,10.052746207252737,0.7806763307517722
2252,450,38000,7300,10.05109553520832,0.7429016695863638
2253,450,39000,7300,10.049444958680837,0.6925354546991528
2254,450,40000,7300,10.047794477666942,0.6673523472555472
2255,450,41000,7300,10.046144092163289,0.6295776860901389
2256,450,42000,7300,10.044493802166537,0.6043945786465333
2257,450,43000,7300,10.042843607673339,0.5918030249247306
2258,450,44000,7300,10.041193508680356,0.566619917481125
2259,450,45000,7300,10.039543505184241,0.5414368100375194
2260,450,46000,7300,10.037893597181652,0.5288452563157167
2261,450,47000,7300,10.036243784669246,0.5162537025939139
2262,450,48000,7300,10.034594067643678,0.5036621488721111
2263,450,49000,7300,10.032944446101606,0.4910705951503083
2264,450,50000,7300,10.031294920039688,0.47847904142850556
2265,450,51000,7300,10.029645489454577,0.46588748770670274
2266,450,52000,7300,10.027996154342933,0.4532959339849
2267,450,53000,7300,10.026346914701412,0.4407043802630972
2268,450,54000,7300,10.024697770526677,0.4407043802630972
2269,450,55000,7300,10.023048721815371,0.42811282654129446
2270,450,56000,7300,10.021399768564168,0.41552127281949164
2271,450,57000,7300,10.019750910769714,0.41552127281949164
2272,450,58000,7300,10.018102148428671,0.4029297190976889
2273,450,59000,7300,10.016453481537697,0.3903381653758861
2274,450,60000,7300,10.014804910093446,0.3903381653758861
2275,450,61000,7300,10.013156434092581,0.3777466116540833
2276,450,62000,7300,10.011508053531756,0.3777466116540833
2277,450,63000,7300,10.009859768407628,0.3777466116540833
2278,450,64000,7300,10.00821157871686,0.36515505793228054
2279,450,65000,7300,10.006563484456107,0.36515505793228054
2280,450,66000,7300,10.004915485622028,0.3525635042104778
2281,450,67000,7300,10.00326758221128,0.3525635042104778
2282,450,68000,7300,10.00161977422052,0.3525635042104778
2283,450,69000,7300,10.0,0.339971950488675
2284,450,70000,7300,10.0,0.339971950488675
2285,450,71000,7300,10.0,0.339971950488675
2286,450,72000,7300,10.0,0.3273803967668722
2287,450,73000,7300,10.0,0.3273803967668722
2288,450,74000,7300,10.0,0.3273803967668722
2289,450,75000,7300,10.0,0.31478884304506943
2290,450,76000,7300,10.0,0.31478884304506943
2291,450,77000,7300,10.0,0.31478884304506943
2292,450,78000,7300,10.0,0.31478884304506943
2293,450,79000,7300,10.0,0.30219728932326667
2294,450,32000,7500,10.060789126925062,2.4427614220297387
2295,450,33000,7500,10.059140954885583,1.6117188763907555
2296,450,34000,7500,10.05749287817042,1.2843384796238833
2297,450,35000,7500,10.055844896776241,1.0954651737968417
2298,450,36000,7500,10.054197010699706,0.9821411903006166
2299,450,37000,7500,10.052549219937482,0.8940003142479972
2300,450,38000,7500,10.050901524486227,0.8184509919171805
2301,450,39000,7500,10.049253924342608,0.7680847770299695
2302,450,40000,7500,10.04760641950329,0.7177185621427583
2303,450,41000,7500,10.045959009964937,0.67994390097735
2304,450,42000,7500,10.044311695724211,0.6547607935337444
2305,450,43000,7500,10.042664476777778,0.6295776860901389
2306,450,44000,7500,10.041017353122303,0.6043945786465333
2307,450,45000,7500,10.039370324754447,0.5792114712029277
2308,450,46000,7500,10.037723391670877,0.5540283637593222
2309,450,47000,7500,10.036076553868256,0.5414368100375194
2310,450,48000,7500,10.03442981134325,0.5288452563157167
2311,450,49000,7500,10.032783164092521,0.5036621488721111
2312,450,50000,7500,10.031136612112737,0.4910705951503083
2313,450,51000,7500,10.029490155400564,0.47847904142850556
2314,450,52000,7500,10.027843793952659,0.46588748770670274
2315,450,53000,7500,10.0261975277657,0.46588748770670274
2316,450,54000,7500,10.024551356836337,0.4532959339849
2317,450,55000,7500,10.022905281161247,0.4407043802630972
2318,450,56000,7500,10.02125930073709,0.42811282654129446
2319,450,57000,7500,10.019613415560531,0.42811282654129446
2320,450,58000,7500,10.017967625628238,0.41552127281949164
2321,450,59000,7500,10.016321930936874,0.4029297190976889
2322,450,60000,7500,10.014676331483107,0.4029297190976889
2323,450,61000,7500,10.013030827263602,0.3903381653758861
2324,450,62000,7500,10.011385418275022,0.3903381653758861
2325,450,63000,7500,10.009740104514036,0.3777466116540833
2326,450,64000,7500,10.008094885977307,0.3777466116540833
2327,450,65000,7500,10.006449762661507,0.36515505793228054
2328,450,66000,7500,10.004804734563296,0.36515505793228054
2329,450,67000,7500,10.00315980167934,0.36515505793228054
2330,450,68000,7500,10.001514964006308,0.3525635042104778
2331,450,69000,7500,10.0,0.3525635042104778
2332,450,70000,7500,10.0,0.339971950488675
2333,450,71000,7500,10.0,0.339971950488675
2334,450,72000,7500,10.0,0.339971950488675
2335,450,73000,7500,10.0,0.3273803967668722
2336,450,74000,7500,10.0,0.3273803967668722
2337,450,75000,7500,10.0,0.3273803967668722
2338,450,76000,7500,10.0,0.31478884304506943
2339,450,77000,7500,10.0,0.31478884304506943
2340,450,78000,7500,10.0,0.31478884304506943
2341,450,79000,7500,10.0,0.31478884304506943
2342,450,33000,7700,10.058932913630315,6.283185307179586
2343,450,34000,7700,10.057287806190017,2.0524232566538525
2344,450,35000,7700,10.055642793861951,1.4858033391727277
2345,450,36000,7700,10.053997876642788,1.2213807110148693
2346,450,37000,7700,10.052353054529199,1.0576905126314333
2347,450,38000,7700,10.050708327517853,0.9443665291352084
2348,450,39000,7700,10.049063695605426,0.8688172068043917
2349,450,40000,7700,10.047419158788585,0.8058594381953778
2350,450,41000,7700,10.045774717064006,0.7554932233081666
2351,450,42000,7700,10.04413037042836,0.7051270084209555
2352,450,43000,7700,10.042486118878319,0.67994390097735
2353,450,44000,7700,10.040841962410552,0.6421692398119416
2354,450,45000,7700,10.039197901021737,0.6169861323683361
2355,450,46000,7700,10.037553934708539,0.5918030249247306
2356,450,47000,7700,10.035910063467638,0.566619917481125
2357,450,48000,7700,10.0342662872957,0.5540283637593222
2358,450,49000,7700,10.032622606189403,0.5288452563157167
2359,450,50000,7700,10.030979020145416,0.5162537025939139
2360,450,51000,7700,10.029335529160415,0.5036621488721111
2361,450,52000,7700,10.027692133231069,0.4910705951503083
2362,450,53000,7700,10.02604883235405,0.47847904142850556
2363,450,54000,7700,10.024405626526034,0.46588748770670274
2364,450,55000,7700,10.022762515743695,0.4532959339849
2365,450,56000,7700,10.021119500003705,0.4407043802630972
2366,450,57000,7700,10.019476579302735,0.4407043802630972
2367,450,58000,7700,10.01783375363746,0.42811282654129446
2368,450,59000,7700,10.016191023004552,0.41552127281949164
2369,450,60000,7700,10.014548387400687,0.41552127281949164
2370,450,61000,7700,10.012905846822537,0.4029297190976889
2371,450,62000,7700,10.011263401266778,0.4029297190976889
2372,450,63000,7700,10.009621050730077,0.3903381653758861
2373,450,64000,7700,10.007978795209118,0.3903381653758861
2374,450,65000,7700,10.006336634700565,0.3777466116540833
2375,450,66000,7700,10.0046945692011,0.3777466116540833
2376,450,67000,7700,10.003052598707388,0.36515505793228054
2377,450,68000,7700,10.001410723216111,0.36515505793228054
2378,450,69000,7700,10.0,0.3525635042104778
2379,450,70000,7700,10.0,0.3525635042104778
2380,450,71000,7700,10.0,0.3525635042104778
2381,450,72000,7700,10.0,0.339971950488675
2382,450,73000,7700,10.0,0.339971950488675
2383,450,74000,7700,10.0,0.339971950488675
2384,450,75000,7700,10.0,0.3273803967668722
2385,450,76000,7700,10.0,0.3273803967668722
2386,450,77000,7700,10.0,0.3273803967668722
2387,450,78000,7700,10.0,0.31478884304506943
2388,450,79000,7700,10.0,0.31478884304506943
2389,450,35000,7900,10.055441525451181,3.689325240488214
2390,450,36000,7900,10.053799568961955,1.8383668433832054
2391,450,37000,7900,10.05215770737014,1.3976624631201082
2392,450,38000,7900,10.050515940672419,1.1710144961276583
2393,450,39000,7900,10.048874268865468,1.019915851466025
2394,450,40000,7900,10.047232691945972,0.9191834216916027
2395,450,41000,7900,10.045591209910604,0.843634099360786
2396,450,42000,7900,10.04394982275605,0.793267884473575
2397,450,43000,7900,10.042308530478984,0.7429016695863638
2398,450,44000,7900,10.04066733307609,0.7051270084209555
2399,450,45000,7900,10.039026230544051,0.6673523472555472
2400,450,46000,7900,10.03738522287954,0.6295776860901389
2401,450,47000,7900,10.035744310079238,0.6043945786465333
2402,450,48000,7900,10.034103492139831,0.5918030249247306
2403,450,49000,7900,10.032462769057997,0.566619917481125
2404,450,50000,7900,10.030822140830411,0.5414368100375194
2405,450,51000,7900,10.029181607453763,0.5288452563157167
2406,450,52000,7900,10.027541168924726,0.5162537025939139
2407,450,53000,7900,10.025900825239985,0.5036621488721111
2408,450,54000,7900,10.02426057639622,0.4910705951503083
2409,450,55000,7900,10.022620422390109,0.47847904142850556
2410,450,56000,7900,10.020980363218335,0.46588748770670274
2411,450,57000,7900,10.01934039887758,0.4532959339849
2412,450,58000,7900,10.017700529364525,0.4407043802630972
2413,450,59000,7900,10.016060754675848,0.4407043802630972
2414,450,60000,7900,10.014421074808235,0.42811282654129446
2415,450,61000,7900,10.012781489758364,0.41552127281949164
2416,450,62000,7900,10.011141999522918,0.41552127281949164
2417,450,63000,7900,10.009502604098579,0.4029297190976889
2418,450,64000,7900,10.007863303482026,0.3903381653758861
2419,450,65000,7900,10.006224097669945,0.3903381653758861
2420,450,66000,7900,10.004584986659012,0.3777466116540833
2421,450,67000,7900,10.002945970445914,0.3777466116540833
2422,450,68000,7900,10.00130704902733,0.36515505793228054
2423,450,69000,7900,10.0,0.36515505793228054
2424,450,70000,7900,10.0,0.36515505793228054
2425,450,71000,7900,10.0,0.3525635042104778
2426,450,72000,7900,10.0,0.3525635042104778
2427,450,73000,7900,10.0,0.3525635042104778
2428,450,74000,7900,10.0,0.339971950488675
2429,450,75000,7900,10.0,0.339971950488675
2430,450,76000,7900,10.0,0.3273803967668722
2431,450,77000,7900,10.0,0.3273803967668722
2432,450,78000,7900,10.0,0.3273803967668722
2433,450,79000,7900,10.0,0.3273803967668722
2434,450,37000,8100,10.051963174819521,2.8582826948492306
2435,450,38000,8100,10.050324360336004,1.699859752443375
2436,450,39000,8100,10.04868564053569,1.3347046945110943
2437,450,40000,8100,10.047047015415261,1.13323983496225
2438,450,41000,8100,10.045408484971407,0.9947327440224194
2439,450,42000,8100,10.043770049200818,0.9065918679698
2440,450,43000,8100,10.042131708100177,0.8310425456389833
2441,450,44000,8100,10.040493461666173,0.7806763307517722
2442,450,45000,8100,10.0388553098955,0.7303101158645611
2443,450,46000,8100,10.037217252784837,0.6925354546991528
2444,450,47000,8100,10.035579290330876,0.6547607935337444
2445,450,48000,8100,10.033941422530305,0.6295776860901389
2446,450,49000,8100,10.032303649379813,0.6043945786465333
2447,450,50000,8100,10.030665970876088,0.5792114712029277
2448,450,51000,8100,10.029028387015815,0.566619917481125
2449,450,52000,8100,10.027390897795689,0.5414368100375194
2450,450,53000,8100,10.025753503212394,0.5288452563157167
2451,450,54000,8100,10.02411620326262,0.5162537025939139
2452,450,55000,8100,10.022478997943054,0.4910705951503083
2453,450,56000,8100,10.020841887250388,0.47847904142850556
2454,450,57000,8100,10.019204871181307,0.47847904142850556
2455,450,58000,8100,10.017567949732502,0.46588748770670274
2456,450,59000,8100,10.015931122900664,0.4532959339849
2457,450,60000,8100,10.014294390682476,0.4407043802630972
2458,450,61000,8100,10.012657753074636,0.42811282654129446
2459,450,62000,8100,10.011021210073826,0.42811282654129446
2460,450,63000,8100,10.009384761676738,0.41552127281949164
2461,450,64000,8100,10.007748407880062,0.4029297190976889
2462,450,65000,8100,10.006112148680485,0.4029297190976889
2463,450,66000,8100,10.0044759840747,0.3903381653758861
2464,450,67000,8100,10.002839914059395,0.3903381653758861
2465,450,68000,8100,10.00120393863126,0.3777466116540833
2466,450,69000,8100,10.0,0.3777466116540833
2467,450,70000,8100,10.0,0.36515505793228054
2468,450,71000,8100,10.0,0.36515505793228054
2469,450,72000,8100,10.0,0.36515505793228054
2470,450,73000,8100,10.0,0.3525635042104778
2471,450,74000,8100,10.0,0.3525635042104778
2472,450,75000,8100,10.0,0.339971950488675
2473,450,76000,8100,10.0,0.339971950488675
2474,450,77000,8100,10.0,0.339971950488675
2475,450,78000,8100,10.0,0.3273803967668722
2476,450,79000,8100,10.0,0.3273803967668722
2477,450,39000,8300,10.048497807045724,2.480536083195147
2478,450,40000,8300,10.046862125652861,1.6117188763907555
2479,450,41000,8300,10.045226538729585,1.2843384796238833
2480,450,42000,8300,10.043591046272594,1.0954651737968417
2481,450,43000,8300,10.041955648278584,0.9821411903006166
2482,450,44000,8300,10.040320344744249,0.8940003142479972
2483,450,45000,8300,10.038685135666286,0.8184509919171805
2484,450,46000,8300,10.037050021041392,0.7680847770299695
2485,450,47000,8300,10.03541500086626,0.7177185621427583
2486,450,48000,8300,10.033780075137587,0.67994390097735
2487,450,49000,8300,10.032145243852067,0.6547607935337444
2488,450,50000,8300,10.030510507006401,0.6295776860901389
2489,450,51000,8300,10.028875864597282,0.6043945786465333
2490,450,52000,8300,10.027241316621406,0.5792114712029277
2491,450,53000,8300,10.025606863075472,0.5540283637593222
2492,450,54000,8300,10.02397250395617,0.5414368100375194
2493,450,55000,8300,10.022338239260206,0.5288452563157167
2494,450,56000,8300,10.020704068984271,0.5036621488721111
2495,450,57000,8300,10.01906999312506,0.4910705951503083
2496,450,58000,8300,10.017436011679271,0.47847904142850556
2497,450,59000,8300,10.015802124643605,0.46588748770670274
2498,450,60000,8300,10.014168332014753,0.4532959339849
2499,450,61000,8300,10.012534633789414,0.4532959339849
2500,450,62000,8300,10.01090102996429,0.4407043802630972
2501,450,63000,8300,10.009267520536072,0.42811282654129446
2502,450,64000,8300,10.007634105501458,0.42811282654129446
2503,450,65000,8300,10.006000784857147,0.41552127281949164
2504,450,66000,8300,10.004367558599837,0.4029297190976889
2505,450,67000,8300,10.002734426726226,0.4029297190976889
2506,450,68000,8300,10.001101389233007,0.3903381653758861
2507,450,69000,8300,10.0,0.3903381653758861
2508,450,70000,8300,10.0,0.3777466116540833
2509,450,71000,8300,10.0,0.3777466116540833
2510,450,72000,8300,10.0,0.36515505793228054
2511,450,73000,8300,10.0,0.36515505793228054
2512,450,74000,8300,10.0,0.3525635042104778
2513,450,75000,8300,10.0,0.3525635042104778
2514,450,76000,8300,10.0,0.3525635042104778
2515,450,77000,8300,10.0,0.339971950488675
2516,450,78000,8300,10.0,0.339971950488675
2517,450,79000,8300,10.0,0.339971950488675
2518,450,41000,8500,10.045045367684708,2.279071223646303
2519,450,42000,8500,10.043412810497617,1.5487611077817416
2520,450,43000,8500,10.041780347567103,1.2591553721802777
2521,450,44000,8500,10.040147978889875,1.0828736200750388
2522,450,45000,8500,10.038515704462633,0.9695496365788139
2523,450,46000,8500,10.036883524282079,0.8814087605261944
2524,450,47000,8500,10.035251438344917,0.8184509919171805
2525,450,48000,8500,10.033619446647855,0.7554932233081666
2526,450,49000,8500,10.031987549187592,0.7177185621427583
2527,450,50000,8500,10.030355745960836,0.67994390097735
2528,450,51000,8500,10.028724036964286,0.6421692398119416
2529,450,52000,8500,10.02709242219465,0.6169861323683361
2530,450,53000,8500,10.02546090164863,0.5918030249247306
2531,450,54000,8500,10.023829475322932,0.5792114712029277
2532,450,55000,8500,10.02219814321426,0.5540283637593222
2533,450,56000,8500,10.020566905319315,0.5414368100375194
2534,450,57000,8500,10.018935761634806,0.5162537025939139
2535,450,58000,8500,10.017304712157438,0.5036621488721111
2536,450,59000,8500,10.01567375688391,0.4910705951503083
2537,450,60000,8500,10.014042895810933,0.47847904142850556
2538,450,61000,8500,10.012412128935205,0.46588748770670274
2539,450,62000,8500,10.010781456253438,0.4532959339849
2540,450,63000,8500,10.009150877762332,0.4532959339849
2541,450,64000,8500,10.007520393458595,0.4407043802630972
2542,450,65000,8500,10.00589000333893,0.42811282654129446
2543,450,66000,8500,10.004259707400044,0.41552127281949164
2544,450,67000,8500,10.00262950563864,0.41552127281949164
2545,450,68000,8500,10.000999398051423,0.4029297190976889
2546,450,69000,8500,10.0,0.4029297190976889
2547,450,70000,8500,10.0,0.3903381653758861
2548,450,71000,8500,10.0,0.3903381653758861
2549,450,72000,8500,10.0,0.3777466116540833
2550,450,73000,8500,10.0,0.3777466116540833
2551,450,74000,8500,10.0,0.36515505793228054
2552,450,75000,8500,10.0,0.36515505793228054
2553,450,76000,8500,10.0,0.3525635042104778
2554,450,77000,8500,10.0,0.3525635042104778
2555,450,78000,8500,10.0,0.3525635042104778
2556,450,79000,8500,10.0,0.339971950488675
2557,450,43000,8700,10.041605802534775,2.1657472401500777
2558,450,44000,8700,10.039976360698647,1.523578000338136
2559,450,45000,8700,10.03834701290669,1.2339722647366722
2560,450,46000,8700,10.03671775915561,1.070282066353236
2561,450,47000,8700,10.035088599442123,0.9569580828570111
2562,450,48000,8700,10.033459533762935,0.8688172068043917
2563,450,49000,8700,10.031830562114763,0.8058594381953778
2564,450,50000,8700,10.030201684494315,0.7554932233081666
2565,450,51000,8700,10.028572900898304,0.7177185621427583
2566,450,52000,8700,10.026944211323443,0.67994390097735
2567,450,53000,8700,10.025315615766441,0.6421692398119416
2568,450,54000,8700,10.023687114224014,0.6169861323683361
2569,450,55000,8700,10.022058706692869,0.5918030249247306
2570,450,56000,8700,10.020430393169724,0.566619917481125
2571,450,57000,8700,10.018802173651284,0.5540283637593222
2572,450,58000,8700,10.017174048134267,0.5288452563157167
2573,450,59000,8700,10.015546016615385,0.5162537025939139
2574,450,60000,8700,10.013918079091349,0.5036621488721111
2575,450,61000,8700,10.012290235558872,0.4910705951503083
2576,450,62000,8700,10.010662486014667,0.47847904142850556
2577,450,63000,8700,10.009034830455445,0.46588748770670274
2578,450,64000,8700,10.007407268877918,0.4532959339849
2579,450,65000,8700,10.005779801278806,0.4407043802630972
2580,450,66000,8700,10.004152427654812,0.4407043802630972
2581,450,67000,8700,10.002525148002654,0.42811282654129446
2582,450,68000,8700,10.000897962319048,0.41552127281949164
2583,450,69000,8700,10.0,0.41552127281949164
2584,450,70000,8700,10.0,0.4029297190976889
2585,450,71000,8700,10.0,0.4029297190976889
2586,450,72000,8700,10.0,0.3903381653758861
2587,450,73000,8700,10.0,0.3903381653758861
2588,450,74000,8700,10.0,0.3777466116540833
2589,450,75000,8700,10.0,0.3777466116540833
2590,450,76000,8700,10.0,0.36515505793228054
2591,450,77000,8700,10.0,0.36515505793228054
2592,450,78000,8700,10.0,0.3525635042104778
2593,450,79000,8700,10.0,0.3525635042104778
2594,450,45000,8900,10.03817905763648,2.1279725789846693
2595,450,46000,8900,10.036552722326466,1.4983948928945305
2596,450,47000,8900,10.034926480848808,1.2213807110148693
2597,450,48000,8900,10.03330033320022,1.0576905126314333
2598,450,49000,8900,10.031674279377427,0.9569580828570111
2599,450,50000,8900,10.030048319377142,0.8688172068043917
2600,450,51000,8900,10.02842245319609,0.8058594381953778
2601,450,52000,8900,10.026796680830987,0.7554932233081666
2602,450,53000,8900,10.025171002278553,0.7051270084209555
2603,450,54000,8900,10.02354541753551,0.67994390097735
2604,450,55000,8900,10.021919926598574,0.6421692398119416
2605,450,56000,8900,10.020294529464469,0.6169861323683361
2606,450,57000,8900,10.018669226129912,0.5918030249247306
2607,450,58000,8900,10.017044016591624,0.566619917481125
2608,450,59000,8900,10.015418900846328,0.5540283637593222
2609,450,60000,8900,10.01379387889074,0.5288452563157167
2610,450,61000,8900,10.01216895072158,0.5162537025939139
2611,450,62000,8900,10.010544116335572,0.5036621488721111
2612,450,63000,8900,10.008919375729434,0.4910705951503083
2613,450,64000,8900,10.007294728899886,0.47847904142850556
2614,450,65000,8900,10.00567017584365,0.46588748770670274
2615,450,66000,8900,10.004045716557448,0.4532959339849
2616,450,67000,8900,10.002421351037999,0.4407043802630972
2617,450,68000,8900,10.000797079282023,0.4407043802630972
2618,450,69000,8900,10.0,0.42811282654129446
2619,450,70000,8900,10.0,0.41552127281949164
2620,450,71000,8900,10.0,0.41552127281949164
2621,450,72000,8900,10.0,0.4029297190976889
2622,450,73000,8900,10.0,0.4029297190976889
2623,450,74000,8900,10.0,0.3903381653758861
2624,450,75000,8900,10.0,0.3903381653758861
2625,450,76000,8900,10.0,0.3777466116540833
2626,450,77000,8900,10.0,0.3777466116540833
2627,450,78000,8900,10.0,0.36515505793228054
2628,450,79000,8900,10.0,0.36515505793228054
2629,450,47000,9100,10.0347650792715,2.1279725789846693
2630,450,48000,9100,10.033141841692593,1.4983948928945305
2631,450,49000,9100,10.031518697734825,1.2213807110148693
2632,450,50000,9100,10.029895647394913,1.0576905126314333
2633,450,51000,9100,10.02827269066959,0.9569580828570111
2634,450,52000,9100,10.026649827555582,0.8688172068043917
2635,450,53000,9100,10.025027058049616,0.8058594381953778
2636,450,54000,9100,10.02340438214842,0.7554932233081666
2637,450,55000,9100,10.021781799848723,0.7051270084209555
2638,450,56000,9100,10.020159311147248,0.67994390097735
2639,450,57000,9100,10.018536916040727,0.6421692398119416
2640,450,58000,9100,10.016914614525884,0.6169861323683361
2641,450,59000,9100,10.01529240659945,0.5918030249247306
2642,450,60000,9100,10.013670292258153,0.566619917481125
2643,450,61000,9100,10.012048271498719,0.5540283637593222
2644,450,62000,9100,10.010426344317876,0.5288452563157167
2645,450,63000,9100,10.008804510712357,0.5162537025939139
2646,450,64000,9100,10.007182770678883,0.5036621488721111
2647,450,65000,9100,10.005561124214186,0.4910705951503083
2648,450,66000,9100,10.003939571314994,0.47847904142850556
2649,450,67000,9100,10.002318111978038,0.46588748770670274
2650,450,68000,9100,10.000696746200044,0.4532959339849
2651,450,69000,9100,10.0,0.4407043802630972
2652,450,70000,9100,10.0,0.4407043802630972
2653,450,71000,9100,10.0,0.42811282654129446
2654,450,72000,9100,10.0,0.41552127281949164
2655,450,73000,9100,10.0,0.41552127281949164
2656,450,74000,9100,10.0,0.4029297190976889
2657,450,75000,9100,10.0,0.4029297190976889
2658,450,76000,9100,10.0,0.3903381653758861
2659,450,77000,9100,10.0,0.3903381653758861
2660,450,78000,9100,10.0,0.3777466116540833
2661,450,79000,9100,10.0,0.3777466116540833
2662,450,49000,9300,10.031363813961518,2.1657472401500777
2663,450,50000,9300,10.029743665348448,1.523578000338136
2664,450,51000,9300,10.028123610145888,1.2339722647366722
2665,450,52000,9300,10.026503648350566,1.070282066353236
2666,450,53000,9300,10.024883779959222,0.9569580828570111
2667,450,54000,9300,10.023264004968585,0.8688172068043917
2668,450,55000,9300,10.0216443233754,0.8058594381953778
2669,450,56000,9300,10.020024735176392,0.7554932233081666
2670,450,57000,9300,10.018405240368304,0.7177185621427583
2671,450,58000,9300,10.01678583894787,0.67994390097735
2672,450,59000,9300,10.015166530911824,0.6421692398119416
2673,450,60000,9300,10.0135473162569,0.6169861323683361
2674,450,61000,9300,10.011928194979836,0.5918030249247306
2675,450,62000,9300,10.01030916707737,0.566619917481125
2676,450,63000,9300,10.008690232546233,0.5540283637593222
2677,450,64000,9300,10.00707139138316,0.5288452563157167
2678,450,65000,9300,10.005452643584896,0.5162537025939139
2679,450,66000,9300,10.00383398914817,0.5036621488721111
2680,450,67000,9300,10.002215428069718,0.4910705951503083
2681,450,68000,9300,10.000596960346279,0.47847904142850556
2682,450,69000,9300,10.0,0.46588748770670274
2683,450,70000,9300,10.0,0.4532959339849
2684,450,71000,9300,10.0,0.4407043802630972
2685,450,72000,9300,10.0,0.4407043802630972
2686,450,73000,9300,10.0,0.42811282654129446
2687,450,74000,9300,10.0,0.41552127281949164
2688,450,75000,9300,10.0,0.41552127281949164
2689,450,76000,9300,10.0,0.4029297190976889
2690,450,77000,9300,10.0,0.4029297190976889
2691,450,78000,9300,10.0,0.3903381653758861
2692,450,79000,9300,10.0,0.3903381653758861
2693,450,51000,9500,10.027975208467106,2.279071223646303
2694,450,52000,9500,10.026358140084222,1.5487611077817416
2695,450,53000,9500,10.024741164901805,1.2591553721802777
2696,450,54000,9500,10.023124282916605,1.0828736200750388
2697,450,55000,9500,10.021507494125357,0.9695496365788139
2698,450,56000,9500,10.01989079852481,0.8814087605261944
2699,450,57000,9500,10.018274196111703,0.8058594381953778
2700,450,58000,9500,10.016657686882784,0.7554932233081666
2701,450,59000,9500,10.015041270834791,0.7177185621427583
2702,450,60000,9500,10.013424947964472,0.67994390097735
2703,450,61000,9500,10.011808718268565,0.6421692398119416
2704,450,62000,9500,10.01019258174382,0.6169861323683361
2705,450,63000,9500,10.008576538386972,0.5918030249247306
2706,450,64000,9500,10.006960588194774,0.566619917481125
2707,450,65000,9500,10.005344731163964,0.5540283637593222
2708,450,66000,9500,10.003728967291284,0.5414368100375194
2709,450,67000,9500,10.002113296573485,0.5162537025939139
2710,450,68000,9500,10.000497719007306,0.5036621488721111
2711,450,69000,9500,10.0,0.4910705951503083
2712,450,70000,9500,10.0,0.47847904142850556
2713,450,71000,9500,10.0,0.46588748770670274
2714,450,72000,9500,10.0,0.4532959339849
2715,450,73000,9500,10.0,0.4407043802630972
2716,450,74000,9500,10.0,0.4407043802630972
2717,450,75000,9500,10.0,0.42811282654129446
2718,450,76000,9500,10.0,0.41552127281949164
2719,450,77000,9500,10.0,0.41552127281949164
2720,450,78000,9500,10.0,0.4029297190976889
2721,450,79000,9500,10.0,0.4029297190976889
2722,450,53000,9700,10.02459920978661,2.480536083195147
2723,450,54000,9700,10.022985212927768,1.6117188763907555
2724,450,55000,9700,10.021371309059946,1.2843384796238833
2725,450,56000,9700,10.0197574981799,1.0954651737968417
2726,450,57000,9700,10.01814378028438,0.9821411903006166
2727,450,58000,9700,10.016530155370132,0.8940003142479972
2728,450,59000,9700,10.014916623433914,0.8184509919171805
2729,450,60000,9700,10.013303184472472,0.7680847770299695
2730,450,61000,9700,10.011689838482557,0.7177185621427583
2731,450,62000,9700,10.010076585460922,0.67994390097735
2732,450,63000,9700,10.008463425404317,0.6547607935337444
2733,450,64000,9700,10.006850358309496,0.6169861323683361
2734,450,65000,9700,10.005237384173206,0.5918030249247306
2735,450,66000,9700,10.003624502992203,0.5792114712029277
2736,450,67000,9700,10.002011714763237,0.5540283637593222
2737,450,68000,9700,10.000399019483055,0.5414368100375194
2738,450,69000,9700,10.0,0.5162537025939139
2739,450,70000,9700,10.0,0.5036621488721111
2740,450,71000,9700,10.0,0.4910705951503083
2741,450,72000,9700,10.0,0.47847904142850556
2742,450,73000,9700,10.0,0.46588748770670274
2743,450,74000,9700,10.0,0.4532959339849
2744,450,75000,9700,10.0,0.4532959339849
2745,450,76000,9700,10.0,0.4407043802630972
2746,450,77000,9700,10.0,0.42811282654129446
2747,450,78000,9700,10.0,0.41552127281949164
2748,450,79000,9700,10.0,0.41552127281949164
2749,450,55000,9900,10.021235765155035,2.8456911411274275
2750,450,56000,9900,10.019624831143496,1.699859752443375
2751,450,57000,9900,10.018013989914115,1.3221131407892917
2752,450,58000,9900,10.01640324146366,1.1206482812404472
2753,450,59000,9900,10.014792585788886,0.9947327440224194
2754,450,60000,9900,10.01318202288655,0.9065918679698
2755,450,61000,9900,10.01157155275341,0.8310425456389833
2756,450,62000,9900,10.009961175386227,0.7680847770299695
2757,450,63000,9900,10.008350890781763,0.7303101158645611
2758,450,64000,9900,10.00674069893677,0.6925354546991528
2759,450,65000,9900,10.005130599848012,0.6547607935337444
2760,450,66000,9900,10.003520593512244,0.6295776860901389
2761,450,67000,9900,10.00191067992623,0.6043945786465333
2762,450,68000,9900,10.000300859086726,0.5792114712029277
2763,450,69000,9900,10.0,0.5540283637593222
2764,450,70000,9900,10.0,0.5414368100375194
2765,450,71000,9900,10.0,0.5288452563157167
2766,450,72000,9900,10.0,0.5036621488721111
2767,450,73000,9900,10.0,0.4910705951503083
2768,450,74000,9900,10.0,0.47847904142850556
2769,450,75000,9900,10.0,0.46588748770670274
2770,450,76000,9900,10.0,0.46588748770670274
2771,450,77000,9900,10.0,0.4532959339849
2772,450,78000,9900,10.0,0.4407043802630972
2773,450,79000,9900,10.0,0.42811282654129446
